enrollee_id,target
23603,0.5029786154742542
22499,0.4959944072516267
10465,0.5009805770307564
8293,0.49666674979717546
4246,0.49606296182456705
29306,0.4982219995465535
23118,0.5066957019061454
32832,0.49733382408389365
13380,0.4962529853716889
16102,0.5070805090753959
21761,0.5012609711959776
26112,0.498114438243944
24468,0.5012353410183058
27200,0.4983764132610355
14341,0.49681020168684553
31993,0.500835025288676
6811,0.5078265372944331
8854,0.49936614282848135
9709,0.4994049005359422
24656,0.500758203469486
8464,0.5050436843895151
14522,0.506761120176942
22739,0.4980022372930698
15368,0.49872846714936747
31516,0.4992425740152441
23444,0.501398573599135
19454,0.5015769611736524
7319,0.5049962857678719
32762,0.5008901883066174
28893,0.4968529502705184
2334,0.50030083006648
27287,0.4986855919964561
6470,0.4954154031838791
5607,0.5048832900812577
1652,0.5026474731645119
32671,0.5054300871966122
26165,0.5038197566405607
26033,0.49529141160161216
21060,0.5022229993079176
1735,0.4973935743588026
12103,0.4987640371175325
1204,0.498489785366976
2406,0.4950346569352343
22521,0.4954556153460529
32178,0.4950125103818102
15624,0.5002926365840793
5883,0.49474780009960745
23845,0.49905840468905976
3724,0.49789752428772427
13252,0.498427360540975
22987,0.49905840468905976
10755,0.5045833945881544
23310,0.5038066527770061
4780,0.49821932980774647
10577,0.49993989051457677
7756,0.5027013546761447
17407,0.4994038041983505
3940,0.4973882847052799
4775,0.4954154031838791
29135,0.4968203956434431
23987,0.5032405835844685
28624,0.4954960387487738
24436,0.5005601902367514
14634,0.5060584884387114
20127,0.5000781451468711
21207,0.5005039915393413
20879,0.4967760857275487
2879,0.5043385492577719
20912,0.5026524695826771
19212,0.49911356768684884
30182,0.49936626817282054
11573,0.4954390836718385
12721,0.49744570580130915
17161,0.49260703045061355
8857,0.4953136869232397
7546,0.49986120968336706
18702,0.49875907879339626
11526,0.4957981125539773
24097,0.4948222753429164
2477,0.5041630006700479
14472,0.5086151104881833
312,0.4998293385762969
12342,0.5038659373218562
17790,0.5065673510880769
766,0.49937578249916653
12396,0.5059427287305435
6825,0.49548934182310855
20581,0.5076143360614291
30072,0.49629155020995874
23143,0.4987388778766455
9627,0.5099132990441855
18582,0.4972514583664906
1676,0.49748570352903154
9357,0.4953258257628612
27993,0.49937512258705885
8158,0.4971904306814317
21086,0.49818657141865874
10333,0.502913708974449
18504,0.5052676321284308
27533,0.49886609560098133
4123,0.5051328995924387
5437,0.5003916986638771
10448,0.5050436843895151
17868,0.4965843028728197
17398,0.4993203822436181
25573,0.4998682437114453
21458,0.5045160340598648
20974,0.49896696951104536
5912,0.5054349783035096
709,0.5021053070483289
3089,0.5041852447938953
16437,0.49616214507668016
15321,0.49752530988928095
15795,0.49216409610095524
18478,0.5013341402795907
528,0.4996953105862103
11315,0.5000353963870364
22769,0.5061917544235919
26708,0.49750682066993335
4402,0.49862662195662016
23152,0.5012355511242824
10359,0.4957981125539773
9179,0.5107948723388279
26693,0.49958193742608703
14196,0.49842210623912797
16769,0.49540932237545826
5447,0.5022758510456541
6288,0.49897475935470337
28582,0.4986284575146759
21600,0.5020862052399545
15597,0.49747503109561947
15868,0.5010737522787218
3981,0.49676398476831857
4881,0.497298147057191
32433,0.49708102651093133
15798,0.502074951606068
31076,0.4976651196703042
19845,0.4938584834971292
28628,0.49854086590481766
9610,0.4977548303265352
25124,0.4977144381383123
25278,0.49850907696381325
12670,0.5084455115697419
28725,0.49688102168608544
18514,0.5038861813644472
2698,0.498204161338101
3783,0.49642405127863787
33075,0.49468500455364695
18468,0.5062666646168296
20936,0.49818657141865874
2341,0.49742422289342886
22281,0.498016414065421
31200,0.5006881611354165
15424,0.5053604986079605
31788,0.4985267340279854
10695,0.5023867246722475
5452,0.4950672953169527
32326,0.4965431864418965
277,0.50136369678037
29616,0.4969867437172598
19536,0.5047749849605044
14326,0.49850206083249166
18191,0.5026912262419438
17629,0.49681070557790985
7988,0.4972910316734566
27623,0.5047425883445913
20845,0.49595692447915335
19308,0.4954516424190068
12644,0.5024289801565472
6708,0.5036626989034253
1625,0.4988234726112239
27738,0.4989718211136811
10942,0.5125493945288486
15481,0.4986864298739604
10085,0.500391643210052
18835,0.49905840468905976
15804,0.503625140640174
24330,0.5050110544534545
11812,0.4949777190943054
12863,0.4985742995487737
3172,0.4951430181753229
18080,0.495798496897816
27986,0.49419032227863013
31022,0.5071721808163682
32728,0.49925032796840185
13376,0.5041719185448043
3248,0.4960998897995522
28858,0.4997322302705926
14590,0.5050436843895151
16405,0.5047868303458386
7919,0.4978209058349243
29661,0.5014025864100885
28749,0.4968490055383001
18329,0.5029786154742542
9212,0.5045200316439287
28006,0.4989718211136811
30804,0.4974705451357299
15664,0.4919762486342039
9391,0.49614538917035617
25836,0.49789896724710553
14476,0.506761120176942
1602,0.5036154946664849
7604,0.49857937127472923
28697,0.5014499030222634
8908,0.5021525579671067
24469,0.5043908449729616
32290,0.4998072643456237
27040,0.4966030993767703
16080,0.502074951606068
25525,0.5014856037835774
5385,0.49862662195662016
12439,0.4951778987543709
4922,0.49412060104930516
12408,0.5089546352922447
2069,0.4946167270358404
306,0.501111079104369
26113,0.49963331965756025
8866,0.4967090773388137
24338,0.5064278089278061
26881,0.497493667832497
4165,0.4983772549821198
18995,0.4987328453656817
18459,0.49579975517415353
10870,0.5065821054050867
281,0.4972966306597107
4313,0.5034933653058508
2310,0.49710263149643086
31155,0.5049201276047219
23895,0.50512712873598
7572,0.5004635053331898
11022,0.4978989384943246
21964,0.4949279902425803
2479,0.4976907499793372
8933,0.49975054028316374
138,0.4929962218138116
5846,0.49474780009960745
12469,0.4921537329486542
2967,0.4989616826720335
3464,0.49799169363752616
16177,0.4982280892335998
11991,0.4971904306814317
19207,0.4964947229552483
21543,0.4980020414396943
5414,0.4963628803654667
29017,0.49595384392469993
24758,0.49736630716190317
18181,0.49865368665212917
18335,0.5063958943898251
18223,0.49842898204499386
18603,0.4987388778766455
10764,0.4946400925828248
9226,0.5062124210915812
13923,0.4955013722677359
7493,0.49878463825980685
6800,0.5007356793842175
30234,0.5012671300368909
31607,0.4978287839076689
29896,0.4990789361074189
19912,0.49434564892857913
11587,0.5044143140763196
32852,0.4964390604675262
7177,0.4961462293630049
28051,0.5052594563182663
25877,0.49940948487127335
11362,0.49853306435519107
27324,0.4989718211136811
6042,0.4969019722338442
4751,0.4967460508191454
11941,0.49878463825980685
30832,0.5053862007904387
18204,0.5016651169157991
13433,0.49532185285483876
33144,0.4975197478118916
8247,0.49792426216432706
23877,0.49894976972238736
2590,0.4951403727364253
14824,0.4967502499588158
29867,0.5005925164499637
4533,0.5040899212203597
5775,0.5048832900812577
16726,0.4981095544316742
15415,0.4948961464559539
10323,0.49619236038402126
9565,0.498756027391369
10501,0.5050854428580118
8261,0.5063124180397781
19119,0.49905840468905976
32195,0.49919517073098557
7219,0.5022610354154262
12099,0.5030633866138151
5987,0.49862662195662016
23035,0.5048922126745856
31842,0.49867147246875526
17819,0.5061917544235919
2800,0.493262691794179
13520,0.49856869006868354
22951,0.49895267910036245
20915,0.5050882661619
13458,0.4967068282674785
13547,0.4967068282674785
11552,0.493050020170664
15596,0.49818068644500313
20950,0.4938230935545931
29308,0.5008400444363164
20016,0.4985154552238156
9446,0.4957538877191967
7247,0.49492089830152347
11328,0.507886901002241
26313,0.4975508040746354
9751,0.4954973993341106
10415,0.4949737462399503
9576,0.5050436843895151
32699,0.49592864211579973
8624,0.49791280788104403
17585,0.496100471450035
29646,0.5091423706757049
24547,0.498422660806917
16147,0.49780659103806635
1192,0.4992500485874801
23086,0.49865214282905224
664,0.4964366236717421
15026,0.5012564371439895
9311,0.4960391957107384
30556,0.5070113239946222
17965,0.5026590972673277
23197,0.49818657141865874
16397,0.4944874255390921
25796,0.5077727167883254
27599,0.5052594563182663
5963,0.4936863798228688
28747,0.4964630655409384
18347,0.5049979283399348
4127,0.4974024456127619
32476,0.49545176786007983
18680,0.49713022221002423
29747,0.49938409114139165
872,0.49924144570801926
9427,0.4966594269535862
17182,0.49871026702132676
17326,0.5037431919558554
12200,0.4999349661241719
21781,0.5081028912023877
4577,0.5046135821952192
32769,0.4996678526251279
2154,0.4954780059251958
491,0.49712410373080174
32442,0.4985267340279854
27997,0.49589892264336455
29160,0.5020700356012676
28026,0.5046713798944149
14721,0.4940244135900525
33190,0.49464808184950787
2524,0.5040572818073491
30172,0.4984919004674817
11578,0.5066996530274342
17801,0.5050530859493179
33274,0.49692085724663754
28141,0.5068736530493312
5418,0.5011764857974207
15504,0.49523377646947636
13683,0.4943226493901335
32402,0.4941980196307812
31168,0.49716746641561926
17946,0.49864062894744476
5686,0.4970626600230858
7342,0.49878463825980685
2948,0.4954780059251958
33250,0.499232850642489
11771,0.505918026867806
32138,0.5011831632717331
30894,0.5024830716538999
10768,0.493113337875856
26012,0.501458118277258
1586,0.4940524686074687
28314,0.4923176230807944
6283,0.49781664542138776
16969,0.5012135680862917
16837,0.49915175771594034
15354,0.5037748075231956
14825,0.4954330325293947
16220,0.49531661266766236
3494,0.49584836313283903
23222,0.5004442968258681
6075,0.49832588874354455
1766,0.498489785366976
28925,0.498279676091765
8452,0.49659564198251793
13756,0.5013431762478602
31085,0.49688102168608544
1297,0.49937578249916653
4254,0.4965464254532761
14597,0.49941732915934206
10504,0.4954973993341106
26363,0.4989718211136811
10104,0.49823233149562257
1265,0.4971316039681291
20324,0.5048922126745856
10249,0.4976863996834246
8097,0.49311731037809325
27168,0.4927323509395121
8739,0.497511823546031
32192,0.4975761019895979
666,0.49682248943299767
24305,0.49637347499192896
10210,0.49684172469627974
31875,0.5008041940503545
27160,0.49494648593761476
9912,0.4975241110124679
16442,0.5032511327293725
17517,0.49714467148612995
10924,0.4957992166225182
15796,0.4939178302677659
20452,0.4990110014657882
893,0.49338490628898785
3684,0.4948050902120354
19484,0.4942768946738547
258,0.5032398130622651
27274,0.4979440695224394
15082,0.49166533544236185
13763,0.5005200879866148
31275,0.4989331934055768
3403,0.4965216668650105
24337,0.49677838874900004
1872,0.495912953677705
15154,0.5043950304320813
25343,0.4984975790166849
22742,0.4957364298810031
1343,0.4989581163636535
14386,0.5080557425949832
11840,0.5010119062973809
22847,0.4982427964478493
14389,0.4996358747731822
7491,0.497654535223446
21376,0.5089173962824037
33231,0.5091119976356928
30845,0.5048285423007909
23109,0.49548025110779176
23525,0.5017553995918724
24674,0.5046046300354297
33157,0.509884707798725
10840,0.49902575827750406
8793,0.502721297812981
1020,0.49883792228192003
1417,0.49928962148683914
28125,0.4957131774994945
16417,0.4943991770654433
20462,0.5040204420417934
28256,0.5006634620028906
32992,0.49247655822627695
19219,0.4966610696164408
24877,0.498422660806917
28828,0.49681118919368333
22052,0.49879668345466543
20524,0.4965553484747058
15152,0.5006192646087547
32742,0.4966696346040297
22626,0.4971978341742321
31221,0.49778924111123296
22319,0.5079934111221232
22098,0.5026111785202285
17,0.5341521759268492
20529,0.5046784298952337
16534,0.49792028105576874
14864,0.4975526280395141
25368,0.498175390978967
24262,0.5094230446146589
23955,0.49855707423337553
19497,0.49197044661449907
27359,0.5077505508708898
8336,0.5001591258803915
25048,0.5086298762604586
10190,0.49892357717588376
8883,0.4976002404317675
15313,0.49583945819290964
9589,0.4989122787823823
18466,0.4938230935545931
15875,0.4973984587183175
2127,0.49721003817613957
13754,0.49584551264379856
21319,0.509816233595461
29846,0.5052611989283052
29023,0.49733487189289327
19998,0.4993203822436181
13773,0.4957397941230196
22385,0.5001662185515623
27817,0.5062070687971041
2055,0.5012116525010512
16176,0.4948856710556412
29878,0.49941270214145816
30328,0.5050040866040753
1755,0.49608850372252933
31857,0.5059095113577186
32953,0.5007000012899673
30594,0.4988603921096501
8706,0.4994049005359422
29201,0.4997322302705926
1139,0.5000845259113493
7882,0.498047801389467
25831,0.5015872606217763
32128,0.4994927424279858
7104,0.5002119792088274
25881,0.5062070687971041
25123,0.49812511915801366
18930,0.49895267910036245
24568,0.4988603515841664
29220,0.5052025302613332
9077,0.497563113169121
15148,0.49951414350389556
1389,0.49554660077943624
32984,0.4934901189443416
30518,0.5036524124127765
28357,0.49597336284149174
9540,0.49936614282848135
7047,0.5050436843895151
26299,0.5008404653425345
26833,0.5021599466046924
25822,0.5024232276209631
5602,0.502651876384674
22651,0.5049863758652978
30126,0.49822629342268043
27356,0.498550023675205
10515,0.5053443879425427
5673,0.49847921329303085
25239,0.5008056125649234
23726,0.5045441042732823
30919,0.49964606913810183
20414,0.5058969744813977
22299,0.4949279902425803
28056,0.49625497773328187
25969,0.4965744896669927
5011,0.4977377634300178
31745,0.4962351433328079
16615,0.49806856482380335
26515,0.502667469849403
17735,0.5021212476249053
14960,0.5053105514054214
30438,0.4990645635476372
2319,0.4987471089526378
33150,0.4956000866481678
7935,0.49894694613873575
15260,0.49547756190756753
2903,0.4990889193023678
1596,0.5019396338654508
13926,0.500821840340995
29485,0.5023146727404518
182,0.49912110611959365
10186,0.4958350368747342
27275,0.5049113529306177
16304,0.5040943160997593
18838,0.4952286971100928
8245,0.4975939446190794
26826,0.4987488575973002
17813,0.49490975190329484
33031,0.4958831063325681
32118,0.49784582854970133
133,0.5017919061121362
15437,0.5023369247498761
7498,0.49584551264379856
11259,0.49576711096451864
8045,0.5053802335927883
24520,0.49791341674343575
18957,0.4962730652197199
32492,0.5066662155458256
4909,0.4973821785252521
26920,0.49763437311630776
25086,0.4974214688453966
11438,0.4990567619587493
26127,0.49673954373870566
27690,0.4996206951674431
22304,0.49925648788681837
29084,0.4990645635476372
23441,0.506715367823988
24084,0.5047439839745445
19645,0.5052676321284308
30214,0.4993872789216841
28750,0.4984160363523458
6516,0.4966636017467565
18026,0.4938278034768748
4792,0.49922979643197457
10165,0.49643476060964115
8157,0.5006390663964192
27539,0.498114438243944
2438,0.49942674105625373
1688,0.5067253312603632
28444,0.49635734498381756
32901,0.5003891461050342
23573,0.4964935371325906
23697,0.4982023106871138
10305,0.5030243744890383
531,0.49902764398553157
22411,0.5072419213849318
23069,0.4999575566883931
502,0.4966146769462949
12763,0.4964528716823562
16070,0.4913069401969243
6005,0.5083162677443381
26504,0.49927255619281774
11863,0.5002016129478233
16066,0.49780659103806635
28780,0.5004245622434661
24835,0.4997101346571433
29385,0.49988848248863926
4815,0.49862055318668524
17534,0.49497074636175475
18506,0.5073604245439669
22205,0.49820102097981983
29600,0.5052747595785488
23083,0.49821518208970766
12244,0.4954973993341106
22614,0.5040733112496735
25434,0.49353553093712393
22159,0.4973069856710283
33331,0.4991598401590485
32967,0.4963346161495447
6836,0.500103327086684
20485,0.4960589937105928
16762,0.49810732202301405
25403,0.49791341674343575
8502,0.5016402084409329
17231,0.4963129474010896
20674,0.49718557945999653
19778,0.49884786957729016
9712,0.4985087565516174
21151,0.49895267910036245
1820,0.503905691872641
12403,0.5081060019726982
33253,0.4960929175438605
3227,0.499797162171944
26135,0.49999844058726595
26948,0.5003604305327491
15818,0.4960387373373104
32538,0.49626375276444984
19562,0.4948932750512448
31741,0.4951982949072669
27723,0.4939052739002752
23588,0.5012045475136438
13702,0.4985087565516174
6915,0.4993304732980506
7714,0.504820741410766
5767,0.5059586109655831
10673,0.4976996682841669
5535,0.5005284525841701
16656,0.4968321453891684
9676,0.4951778987543709
2866,0.4954100808643207
10032,0.49744590165270075
3599,0.5001286932278864
6436,0.49749049637059556
15983,0.5035706462223403
31713,0.5057048280735786
5168,0.49726838819870034
7436,0.49982151238510675
15572,0.5037759335581212
13597,0.49551553241674606
4133,0.4950488443507255
27850,0.4983703823137805
14847,0.5074259741764183
29004,0.49834605449589037
16549,0.49622657514464646
24696,0.4975652844590932
28508,0.5057620134002758
32954,0.4960959256407647
26620,0.4998516695529024
3922,0.49819825570969334
3093,0.49411930843202356
26557,0.498114438243944
17840,0.4972296347218823
32045,0.5062598214584246
8521,0.49910416519837525
12595,0.4963587056073386
7607,0.5041049761060424
3729,0.49757897180534244
9392,0.494654252251554
16740,0.4957574346125254
22872,0.4956179635924942
3688,0.49730940337268476
8557,0.5009585939435716
8128,0.5033401939912778
32554,0.5002437296290956
19089,0.4980808468847241
5269,0.49336515032026773
20530,0.5044098459669308
15919,0.49910903362045056
15114,0.4956517164084618
23676,0.5004279408976546
2202,0.49813725308871254
30450,0.4997322302705926
31810,0.49734061355177667
32443,0.5014451397051175
26529,0.497701212077192
25026,0.5047103468686382
5707,0.4950540724114121
5382,0.4959285888841355
10178,0.49768023098439285
24448,0.4968426240792796
5747,0.5046135821952192
24692,0.5007504495163646
1889,0.49943358834632284
8683,0.4954973993341106
264,0.4983500456353021
28967,0.5105399765961989
315,0.4992766645686145
5148,0.49858786449134695
13770,0.5053133876689696
7303,0.4995836634323191
1477,0.49820585255185645
22627,0.4943186519954487
19353,0.5013387914820444
299,0.499559606463666
22810,0.5047439839745445
19442,0.5049979283399348
14246,0.5009277627321136
3002,0.5016109751200878
30290,0.4993265411126189
21562,0.4914852976073656
18231,0.49905840468905976
13932,0.49869847763981945
16382,0.5083893197754205
10496,0.49831753003943
7435,0.498756027391369
11794,0.49744570580130915
22285,0.4990110014657882
26934,0.49494323437680365
10459,0.5061730841415505
10929,0.495663720778081
10659,0.4968423036770125
32548,0.4982563537039099
4239,0.4961103025425227
16496,0.5068761691100151
24083,0.5058969744813977
13076,0.49789864683771873
26145,0.4978097348965528
12842,0.4950756367896364
13636,0.4944670840222682
7379,0.49812660689034016
9722,0.5046955780106076
26540,0.49692261434605034
4117,0.49207966247133844
32711,0.49919517073098557
29391,0.5060705690334361
16144,0.49602211286518977
24029,0.5056588580107665
13938,0.5067587641203246
27218,0.5044021462038631
1309,0.5015497364640726
25912,0.5052594563182663
18482,0.5049979283399348
25625,0.49464041296105205
12066,0.5039282973461324
1004,0.499124207350587
25779,0.4989784309158967
20355,0.5046784298952337
2795,0.4974124614540272
32485,0.4989331934055768
16185,0.4948269741767257
211,0.4965618060099196
24406,0.5088995255905029
30257,0.5053521886663301
23205,0.4949279902425803
19392,0.503269229678349
7150,0.5082694879768891
18987,0.5065250864599934
21048,0.4971167809811078
27094,0.495156806484102
30761,0.5065459952191701
3104,0.5002487940168958
22396,0.5071883848990708
14990,0.4948856710556412
28023,0.49895085716748633
17040,0.49438211172360147
1987,0.5068250686128155
31941,0.49833192265349596
31327,0.49671873974777947
12013,0.4984989223262787
17330,0.4983428217771079
15498,0.49701150136934147
29365,0.4947444461333326
5334,0.49474780009960745
11720,0.49744590165270075
2514,0.49634978758716797
5796,0.4998351532701164
25215,0.5047103468686382
3869,0.4935194185637673
18001,0.49818657141865874
6618,0.5060590046636674
26048,0.5008558301104464
26584,0.498114438243944
8139,0.496318627526294
14851,0.4949234849927662
28922,0.49625058864104366
25901,0.5052594563182663
22475,0.4938551103719868
19233,0.49871026702132676
1015,0.4969498253781384
8838,0.5047561810292281
7249,0.49619236038402126
17784,0.5041406097942216
16882,0.4972829030203961
20202,0.49871026702132676
6189,0.4985343759831769
25245,0.5046629476334838
9080,0.506761120176942
241,0.49905035654780827
12805,0.4991121749483169
21837,0.502434337526677
23156,0.4987388778766455
1486,0.500643047566265
27518,0.49927255619281774
21065,0.4967514127088831
6658,0.5004507102314973
28990,0.5010887376109067
15931,0.5019498078065652
23875,0.5048922126745856
16795,0.49402838627847434
27431,0.5078585045587621
14978,0.4933695565403462
2636,0.5058805025563069
19453,0.4974783514915475
27893,0.5077981740111661
17696,0.5007760797940276
19033,0.4964792731986501
19623,0.4940707038626128
2857,0.49807944798700726
2480,0.5073031080988952
14868,0.4960939980395505
28374,0.498137047161384
12104,0.50493796891643
22388,0.5083938525790059
6670,0.5002119792088274
33016,0.49399929013880883
24327,0.5031563241506075
10512,0.5002119792088274
8936,0.4994049005359422
9393,0.49725152712433757
23028,0.49726189739410964
28739,0.4991714552924661
21118,0.4959710520371829
19906,0.49985646168773884
31901,0.4964514981786863
25795,0.49952080448782377
13973,0.5041854449712604
10211,0.49241962270723816
31487,0.49464193494440667
6812,0.4978674730551285
6126,0.4968010158559119
2377,0.4945952793822359
8682,0.49910416519837525
14097,0.498756027391369
15394,0.5004451935169807
11337,0.4959369306153633
29273,0.49629571909292125
31074,0.5056716781981918
7892,0.5050988418969592
13649,0.5093745115260894
23814,0.5008562528547426
31740,0.5056251494504774
11396,0.49986120968336706
33153,0.5032260067282771
25878,0.4996617348284239
24853,0.5074862450556508
17972,0.49842403868393453
20030,0.4954516424190068
20806,0.49643639053750166
17916,0.5009323315785039
15370,0.4971535375459949
6707,0.4955013722677359
31145,0.4953605577417806
4010,0.4946389701420186
24682,0.4975652844590932
21764,0.4989722438574295
13474,0.5041719185448043
23378,0.5066898320814345
14839,0.5023655714242713
20895,0.49492416526889904
33315,0.4938183825320887
29279,0.4970153537294692
2836,0.4990478434964572
17313,0.5061917544235919
7404,0.5000664001819529
1908,0.503905691872641
5378,0.4974685137593727
26355,0.5006506888968736
21045,0.49706327744207246
6386,0.500152343640173
17401,0.5054979888493703
19789,0.5049496894713628
638,0.5012557650913473
2916,0.4951403727364253
29621,0.4976313620524175
2255,0.5019895647174749
919,0.500253373555375
4575,0.4972697327106798
13130,0.49902575827750406
15252,0.4958651894645865
11018,0.5061317981871187
23119,0.49622494525992306
15715,0.49540932237545826
2493,0.49582611900056145
23517,0.49818274610147134
21736,0.4967907461949914
25685,0.5032620458021015
31401,0.4981639265132414
29161,0.4968490055383001
14492,0.503275886087204
25158,0.5059007030381767
11262,0.4969429038471639
22365,0.5001929179757677
16114,0.4955344868453278
776,0.4993471715043399
11068,0.5036124290552285
9166,0.49894694613873575
31062,0.49941270214145816
8082,0.4961831540960813
11591,0.4967931983757874
24634,0.498422660806917
25392,0.5003056974559726
16951,0.49647924895400103
30732,0.4990645635476372
10627,0.4968564644065008
7044,0.49492089830152347
6669,0.4949737462399503
25695,0.5019293323279427
7264,0.49881119024701653
24935,0.503853019593286
25626,0.49718598117053403
23206,0.4984873040976533
9748,0.49879831074141223
28239,0.5018563848131739
20704,0.5046795558957478
32772,0.502900809774851
8295,0.4981029637542628
32872,0.49892304672768567
31021,0.5055659655428354
26820,0.49931995949886426
3206,0.4981672523240012
9054,0.49789864683771873
30349,0.49809223279019144
30074,0.5015300755846402
21443,0.5046784298952337
4096,0.4973021259685199
21093,0.5017282378464663
29721,0.4971530724440247
29420,0.5086836325292506
7273,0.5001823039140115
28245,0.4947077601991439
11870,0.5010838176327365
5582,0.4955467945669711
18667,0.5070160471257492
512,0.49827753629358945
29029,0.5001214456062643
26203,0.5018396625027076
1501,0.4979036693056925
2722,0.4957171511939742
32581,0.5013394145179627
15940,0.4984554573109843
18284,0.4990110014657882
30017,0.49999420849411136
15377,0.49908575369259617
4887,0.4959285888841355
3133,0.4997469327492529
5554,0.5007981843227964
29569,0.49962650430714245
6700,0.4940942477497057
26593,0.4989718211136811
19448,0.4931429736231544
31619,0.5004936570888591
18058,0.5029531961385705
2760,0.5076037772768365
28789,0.495434414600703
2928,0.49681893637189384
2459,0.49710713189750383
4490,0.4944908042150873
31665,0.5009245796323002
11424,0.4996668785533474
21375,0.5083294367983863
20374,0.49905840468905976
20599,0.5044742746820439
17781,0.49871026702132676
8581,0.5015764615291984
12145,0.4973196404296324
20664,0.4954516424190068
26394,0.504324807621392
790,0.4993471715043399
4191,0.4985076339917777
23531,0.4972763467127853
32307,0.5024706244226231
21183,0.49871026702132676
7955,0.5010603741463452
7517,0.4989223609338276
13343,0.5008765358442614
8301,0.5100405744052102
10018,0.49823233149562257
17002,0.5012609711959776
19084,0.4951189194480681
14862,0.49540932237545826
22131,0.49871026702132676
23971,0.501522947408717
24356,0.5029529860386402
31172,0.5042907543877362
27017,0.5046314438568383
2774,0.49304002647815487
24035,0.4965256654612169
4131,0.497893104616862
24750,0.4929187904479455
17799,0.49853470707721337
7941,0.49556189125987105
17734,0.5082237397611947
841,0.49995728879771695
1819,0.5039283915316918
7579,0.49337158951733523
22128,0.49905840468905976
5314,0.5022680972349842
8986,0.4988167679693208
12509,0.4962821353646331
29967,0.49612542118082903
3273,0.49704015611126035
3367,0.49412978347956565
27494,0.49573131071941956
10594,0.49747670879721106
26306,0.49635153614964267
12269,0.49619236038402126
16200,0.49749977599758055
21517,0.5052676321284308
31342,0.4957219523780772
8224,0.49693599463599686
14087,0.49737495789086916
5791,0.4972697327106798
27421,0.5074616666134227
16434,0.49630211900752297
27594,0.5055291571363499
18109,0.49705134480325497
2030,0.4970886585734806
10741,0.5047241865133806
3538,0.49757800246599004
12326,0.4964930802998766
16008,0.5072096963312933
20864,0.500689918813408
1128,0.4985915381035257
20395,0.4995901141367868
11518,0.5061062674877568
10358,0.5009277627321136
24183,0.49834491919200274
17859,0.49341566174589613
25486,0.49649239997881156
27782,0.49987802211053367
13672,0.5084396002758396
26994,0.4976885639290232
30776,0.4978040314854711
32502,0.4935783126314577
25045,0.4979843612143885
22540,0.4992146564635908
17003,0.4963129474010896
25210,0.4953581832327661
33249,0.5011067490566753
31041,0.49612939419802865
12882,0.4978248405129388
31241,0.49311344917958494
25815,0.500029813757794
20186,0.5020709759994373
12543,0.49803752090934056
16459,0.4967502499588158
14537,0.49934060253906226
19366,0.5041547701115058
8608,0.4942175526276536
6325,0.5000721703698768
13134,0.49823233149562257
22549,0.4980020414396943
29680,0.5015378294824292
23981,0.4994038041983505
31600,0.49721470351406405
32239,0.49812321364205286
26362,0.5020226339858967
15197,0.4971887202508933
6592,0.4939873069893168
4986,0.4936658357439421
14913,0.49292090197197824
20323,0.5006728389688032
24883,0.49861377473962104
28479,0.4982567411563611
15406,0.495854216805961
10386,0.49783134497946757
4874,0.49885759494450715
21641,0.4973343882711887
19526,0.5052986324622204
19108,0.4986045417767109
29520,0.5000742017982218
3644,0.49932431016914286
5327,0.49529921070169747
18448,0.4965826660004268
5798,0.4979183971738591
14835,0.4953250034121485
12332,0.5033250983706914
13265,0.49791280788104403
23145,0.49905840468905976
3230,0.49464294294112815
24182,0.4943220494873829
20926,0.4998798828190783
31866,0.49812321364205286
28307,0.49454835997425156
4858,0.5060362534328339
33232,0.5051925727555204
28148,0.4983952711450123
18328,0.4993203822436181
1944,0.507182116824707
28164,0.5068288596473441
16173,0.49699265387108127
24135,0.5050469006004005
7152,0.5002081538418898
20353,0.5044268750378841
12910,0.49971741958461624
12365,0.5050436843895151
24329,0.4977146972701003
17337,0.5043325074052669
7473,0.4997654683279064
32434,0.49752747222041155
4198,0.49824565851019526
5209,0.5010328429687887
19395,0.5045160340598648
3472,0.4931161880210061
15822,0.49761178183053767
32988,0.4995855438194192
1883,0.4988520834981241
8635,0.49446455214683516
11052,0.49791280788104403
32228,0.49606879873210374
3290,0.4992249783185285
15669,0.5038060953767675
6205,0.49862662195662016
28979,0.5038086559551231
25520,0.49516405916869266
24818,0.4955121683050378
16269,0.4971771802582719
22877,0.4978670480322136
6448,0.4976748398051538
15294,0.5086945417151078
7422,0.5063124180397781
11987,0.4960519014801047
29875,0.4949506430460271
15916,0.4953756425684371
16543,0.4953377541051729
7423,0.5013067315580834
23248,0.4987388778766455
32169,0.49636951754236835
1961,0.5089661531620295
11116,0.49957750416604163
23470,0.4989722438574295
16590,0.5032369720337294
4580,0.5031652767133931
19079,0.49785288699986385
9820,0.49976566418436585
27263,0.4963989370582799
10897,0.4984365015471032
15985,0.49815472476063305
5317,0.49371323159310543
19633,0.5064614434518856
11092,0.498756027391369
111,0.5001774779773396
18452,0.4980645892082821
19689,0.5049979283399348
29232,0.49938409114139165
27114,0.504789460121806
10694,0.5010838176327365
16348,0.5081173052105458
11281,0.4933130217243957
4892,0.5031681458829802
27301,0.5074616666134227
17942,0.4997197076762246
15528,0.4926509070568973
21624,0.4984563005920391
12959,0.508416935670198
22078,0.5021601135424576
19700,0.49579975517415353
15764,0.49694922446868817
10511,0.49902575827750406
18365,0.4944239243917261
1655,0.49996504276843984
20638,0.506715367823988
27616,0.5009800845410923
13769,0.4983640739591435
24832,0.498422660806917
23718,0.5095289426789398
17077,0.5006152889398465
9736,0.5013618943473622
12118,0.5006324385354936
22869,0.49557036803190696
24967,0.49628203858141395
3495,0.500100082187897
28412,0.4990137175312497
15463,0.5080557203652273
30890,0.4957036493130713
22079,0.4987654298519481
32390,0.4987188755458779
24552,0.4941733818240071
3360,0.49539453254708504
6060,0.49496093668491536
21954,0.5021354086600849
29839,0.5006313830217238
26762,0.4951895201957448
14939,0.49729735234567746
19436,0.504649821343373
15017,0.5006270185674807
18094,0.5050882661619
9693,0.4953916821033766
20336,0.49403401903799127
28805,0.49817395141452836
27005,0.5083217385723908
16211,0.49731151322585876
31138,0.49894559125750076
8236,0.5012741753441468
20859,0.4989799977956843
31897,0.4980030396889335
9331,0.5075155918943778
10003,0.5006773074179863
15257,0.49737640325575344
20252,0.4988044373808139
26187,0.5014649750562983
15509,0.494229526965834
30553,0.5013466627877239
22976,0.49399184512881256
28168,0.4995896913915359
27331,0.5015615378666796
28435,0.5049018249598105
11127,0.4973382689001827
24473,0.49560250818531987
6604,0.4953281639189456
1430,0.5027581393475653
31422,0.5009602490966079
17754,0.5041406097942216
18600,0.5055786141477799
14812,0.5002711254836989
8486,0.5009872048767333
17468,0.5008951826460032
28502,0.5005302881539985
27929,0.5010686623231888
27055,0.4966686563087635
7839,0.4943226493901335
2407,0.4962440673794165
29633,0.502276560503708
23134,0.5010146136795608
14043,0.49869847763981945
7252,0.49910416519837525
26933,0.498564326269828
15016,0.49796284048203393
5248,0.505561221167668
8027,0.497728278727578
8611,0.49789864683771873
2848,0.4947657784292852
23357,0.495724850260289
13661,0.4959332381026784
11815,0.4941433104733513
29036,0.495707622275526
13394,0.4967068282674785
18939,0.4959934379517659
13378,0.49276245709957883
1056,0.49149324421064805
28209,0.49287192105016414
23590,0.4987388778766455
15753,0.5039454426254623
10314,0.5009872048767333
6608,0.4964121809387634
16237,0.5006938720195985
21320,0.5052986324622204
15721,0.49540932237545826
1427,0.4996953105862103
31077,0.5090357940587331
14484,0.5041190688422527
21872,0.49579975517415353
22818,0.49679654486487307
10727,0.5055529413799034
18998,0.49341566174589613
25613,0.4984512715688082
14544,0.49552713407913085
27129,0.5029206446218017
23384,0.5049979283399348
26294,0.5020937921372801
5732,0.4946430552455327
5177,0.49748267469016405
11749,0.497654535223446
25793,0.498770797465794
14142,0.4994049005359422
4576,0.49455809922904903
5154,0.5025881824550718
26293,0.5040681920547343
15239,0.5036404778619067
23545,0.5006728389688032
7054,0.4984365015471032
28407,0.5003474308629888
25182,0.49560358523422127
7049,0.5003549390148736
22134,0.5012609711959776
17289,0.49816177958146746
1077,0.497966091299379
20868,0.4946972866738491
23625,0.4968707238965482
27038,0.5011743877981792
19905,0.49871026702132676
1867,0.5056347632213628
6211,0.4961103623207371
13886,0.4981794788404
33169,0.49434738226251584
2096,0.49779532515987224
18386,0.5077796619509295
6266,0.4974685137593727
9730,0.4989984395720734
22307,0.4989799977956843
26131,0.5015225246671026
25563,0.49739924589203366
30854,0.5083275859577017
28884,0.49791908318633826
16182,0.4980490002773979
2828,0.4954924544967933
10061,0.49823233149562257
18172,0.4992001767475479
10453,0.5086448387699297
13488,0.497728278727578
1569,0.49608850372252933
22084,0.49533058866734114
30991,0.49887484178525776
26217,0.5009343937907715
24288,0.5041082858774913
5306,0.4960046428871283
8354,0.5043887815314305
21029,0.4965826660004268
27299,0.5064767576160758
23583,0.4965553484747058
2260,0.49428307849817327
4947,0.49858697478036607
10402,0.5038382503022563
10441,0.4954820838405319
26737,0.4998366018597288
9949,0.4954973993341106
18923,0.49988740661808756
23512,0.49871026702132676
26201,0.4975907472581279
25597,0.49791341674343575
13459,0.4993877810287344
5200,0.5063310515949033
21020,0.4954556153460529
13469,0.49694687695437006
13978,0.5004828162983578
3503,0.4983832603228952
9935,0.4968024480324243
20403,0.5048922126745856
24689,0.49789896724710553
3265,0.49957638159701256
18826,0.4948952768702915
15866,0.49456617824472876
25630,0.4967369024306409
32031,0.5008677689698906
7110,0.49747670879721106
12034,0.49241962270723816
19584,0.4949279902425803
22973,0.49306758595081623
20613,0.4980020414396943
18318,0.5044268750378841
25174,0.4964286353160727
5726,0.4972695368600177
189,0.4994251212731798
8984,0.4993738967869416
1559,0.499616903428225
15889,0.4949001192978205
32109,0.49752805438515363
27238,0.5073757379460361
9823,0.5002503617418378
14427,0.5050436843895151
15004,0.4931038462078723
17858,0.5004464414668796
23237,0.4984629963074452
12815,0.4949737462399503
30250,0.4927047329628211
13129,0.498756027391369
6723,0.4963873151433063
30422,0.5007190090509875
21153,0.49871026702132676
21933,0.4979546388147124
32610,0.49898059659921756
13035,0.49532185285483876
25921,0.49721435678668224
10187,0.49910416519837525
4706,0.49693699132113406
24863,0.5002965563632541
31334,0.4934961397090744
12315,0.5015687076351317
16163,0.4972829030203961
6094,0.5040372964033293
14311,0.4993738967869416
18474,0.5028728930874018
11202,0.4990567619587493
2486,0.49582611900056145
27733,0.5011743877981792
3632,0.502165884898459
32035,0.4996418993188795
11073,0.5005379794230034
23289,0.4946084968634246
12402,0.502913708974449
22559,0.5041406097942216
6192,0.49856539044139064
19472,0.49865271729707367
30813,0.49938409114139165
8114,0.498047801389467
32655,0.5070364445558896
24195,0.5000252432491026
24091,0.4984485466955523
19515,0.5029531961385705
17777,0.4982884707918653
32024,0.5011831632717331
28315,0.504299697099229
700,0.4972195484216128
24278,0.5053910407751865
6293,0.49835449946974286
32651,0.49829079287954
2855,0.49744048020039033
10310,0.49823233149562257
31529,0.49863245918168425
33130,0.49640042104807536
21104,0.49871026702132676
20941,0.49527188273568895
12791,0.49902575827750406
25068,0.5059041879255483
32003,0.49746688786374854
13720,0.4939745576686384
15957,0.49815472476063305
31746,0.5052955408236532
1783,0.4990609415417012
15199,0.4995529012361587
9856,0.49747670879721106
6131,0.4966814239538031
22389,0.5001466537121654
6758,0.4966284245551606
28459,0.49726947492648294
16146,0.4984554573109843
7354,0.4990567619587493
3779,0.49824565851019526
6790,0.49989245084955736
27681,0.4987883536014807
16350,0.4988466463361309
23922,0.4952104585544466
31068,0.5026031955137022
22444,0.49367271005344426
32391,0.5055957014519321
21478,0.5049979283399348
9411,0.5009780920753006
19665,0.5064433262359583
9439,0.49965993821232135
2697,0.4960016685523443
9181,0.5046955780106076
31454,0.4949191452226309
7317,0.5030243744890383
19364,0.5004177447049174
31595,0.49863245918168425
24399,0.49652310978008396
28992,0.5030147722702861
27790,0.4997520547961725
30545,0.49477129921549184
3601,0.4999919754601965
975,0.49958958463334896
31263,0.49740074099428055
19470,0.4949279902425803
14682,0.4947799563401733
27730,0.5015718203685298
21256,0.502390498002059
26677,0.50121788182631
13646,0.5027808247677985
25391,0.5023714959672188
9187,0.5006659572986317
9538,0.4960989913079352
15491,0.4931156226399415
31309,0.49658326477848364
6194,0.497136956084139
28651,0.49468112338492787
27178,0.49789763628748274
31315,0.4949520800257119
16806,0.49809717544466364
17112,0.4971240583551992
22455,0.49785288699986385
11354,0.4979693954381427
30623,0.507554388493153
29899,0.5009321182926323
13483,0.49890935267021574
16857,0.49620853181080454
22220,0.49785288699986385
30396,0.49837566026235347
23975,0.4940707038626128
16599,0.4948961464559539
11323,0.5006773074179863
2160,0.5010872782872257
11238,0.49789864683771873
23822,0.5004892670011334
29481,0.5005588991615432
17776,0.5021212476249053
8393,0.4949737462399503
21476,0.5021919961170116
12354,0.5025006898300012
9169,0.49525742477262114
32168,0.49898059659921756
10596,0.498047801389467
18520,0.5006726227112164
20486,0.497548380886964
9485,0.4949737462399503
9414,0.5050436843895151
23099,0.4984485466955523
31090,0.5069403736510455
1029,0.49937578249916653
17220,0.5041406097942216
12186,0.4999573855299241
14570,0.5011078135896824
10664,0.4981545900832893
1972,0.504253808095467
1881,0.5063888302048173
983,0.5012302105706672
31913,0.497046252610483
25722,0.49602535570559253
33104,0.49547836052850236
18371,0.5002046010874995
17103,0.5107652007576224
30309,0.49711097422397393
31980,0.49777508009809
24801,0.49553950748621495
4565,0.4987473899562367
26854,0.49939162289859823
7832,0.49962723108902407
16939,0.49967757996953327
23909,0.49661366836050297
14738,0.49688691536446056
9958,0.49936614282848135
29324,0.500561233049509
29760,0.49629040157758064
21847,0.5049505296315822
4845,0.5028844506695263
28203,0.4979036411811129
31599,0.4962351433328079
13169,0.49738014765662314
17639,0.49905840468905976
18974,0.5007760797940276
30589,0.49526809454022575
24865,0.5025852930771967
13992,0.4949777190943054
5245,0.5011385684772146
21274,0.49785288699986385
4326,0.5063310515949033
12743,0.49365784080521224
1722,0.49608850372252933
5647,0.49858786449134695
564,0.5047653272282997
2786,0.49901683981734263
6849,0.5006324385354936
30680,0.49356057989631624
15602,0.5000698881965709
2999,0.5000119851339606
23714,0.4955068010915578
2032,0.5060105691662093
20850,0.4988044373808139
18257,0.4978482693253991
15217,0.5014868246407156
20379,0.5064433262359583
17371,0.49779630730854746
19914,0.4961192254497795
25167,0.5069126160468423
24411,0.5007892071904858
25789,0.4983169359238817
28052,0.49872454973618574
1919,0.49773164202718806
27177,0.4948281926087569
6961,0.498246781066217
25600,0.49739491741816666
19235,0.49764064001886965
1251,0.4991716106128696
18821,0.4974783514915475
31479,0.4951982949072669
21098,0.5002617387203561
20182,0.49834743716287716
27194,0.49658749738351404
19085,0.496100471450035
20787,0.49490975190329484
25103,0.49823919441871645
14885,0.49815472476063305
19563,0.4975460002225395
20077,0.49871026702132676
27619,0.4952945921830719
1894,0.49432216436673015
13611,0.49525742477262114
4009,0.499664000872466
9503,0.49576711096451864
19126,0.4931306245679907
17060,0.4938695599092015
22483,0.5046784298952337
26442,0.49872454973618574
26214,0.5016601266497316
1339,0.5021813563585968
3477,0.4967931343428586
5363,0.5040254916632468
28974,0.49733487189289327
27462,0.49865229455460874
15612,0.505044732121365
14486,0.503261725400693
5656,0.4945476239782778
14163,0.4963717132446602
23837,0.4949279902425803
7366,0.49955650137736274
933,0.4985617140823431
30560,0.5093036961556017
6498,0.5036360829208276
8469,0.5051728845450288
19503,0.5056786141109986
4168,0.4935590028617006
15034,0.4957574346125254
30798,0.49941270214145816
16189,0.502130113812768
13915,0.4948497928482692
6164,0.4954600861513894
21221,0.49871026702132676
20952,0.496137396130958
6327,0.49897475935470337
32372,0.4975761019895979
4476,0.5041597517385955
2969,0.49940605419326645
18294,0.49810183283039583
347,0.49818025696429064
31427,0.4954734292847665
9006,0.5041360982581062
28512,0.49532596107134297
3642,0.5027675332123278
14604,0.5031866423729388
13160,0.49789864683771873
8745,0.49901800433640786
14242,0.49765865649997837
32509,0.498028809940487
22920,0.5006797226325057
30997,0.49941270214145816
3170,0.49789752428772427
289,0.49996290894715695
27221,0.4965744896669927
28837,0.5005780667200409
18625,0.4954516424190068
11477,0.5100405744052102
32820,0.5110038307888898
11223,0.49516467579168183
12247,0.4975939446190794
16267,0.49596708330597006
8251,0.5036626989034253
19590,0.5005143577913684
27947,0.4979760663815225
12393,0.494513003542969
12179,0.49845848450501096
16634,0.4972829030203961
23892,0.4984629963074452
27243,0.5049399611954491
24828,0.5009259608242622
23321,0.506715367823988
15687,0.4910066228268267
6774,0.49717598139030506
29080,0.5087310578085076
18199,0.49927297893745876
24153,0.4990327744450573
9767,0.4984365015471032
26413,0.4994762115129478
2587,0.4940360339744002
8150,0.4955013722677359
27750,0.4967562665392365
12031,0.5014957260894657
22473,0.5046784298952337
15220,0.4969633852356926
13105,0.49902575827750406
10839,0.4958220094420174
17465,0.4993711199156094
25195,0.5056579820732398
18212,0.501522947408717
15418,0.4973305017476473
26818,0.4951895201957448
2027,0.5069306866774201
5164,0.49595021137803474
14212,0.4957286414834613
13195,0.5027048566145121
11038,0.5083751846929405
32494,0.49812321364205286
8535,0.5042738119155499
1156,0.49902877008040636
21542,0.4935739350898927
16792,0.4943725061205855
25433,0.5049800537530852
12778,0.5013067315580834
11242,0.4950756367896364
13429,0.4966284245551606
7972,0.49831772589371515
993,0.4993471715043399
31645,0.5018328394691896
18195,0.49853470707721337
26262,0.49667786272434655
4513,0.4964121809387634
23445,0.5044268750378841
25987,0.501207131388624
1856,0.5014129836283804
3992,0.4973882847052799
26472,0.49658757321478253
23278,0.5004359506671011
30159,0.5012680993927492
24421,0.49887671959495883
21884,0.49818657141865874
17246,0.5043740257959696
29821,0.4970823641471747
11268,0.49725394681933816
32639,0.4973159762505345
22924,0.5028679498403069
5357,0.5005479507664405
21456,0.49741808837253626
8978,0.49584551264379856
2787,0.4970886585734806
28214,0.49763560029149795
21236,0.5004177447049174
33092,0.4982210968138165
23937,0.4990008547813728
11997,0.497569628076685
10136,0.49789864683771873
3348,0.49247889657653304
14744,0.4958179541427892
16383,0.49789300641036305
12808,0.4989984395720734
21198,0.4984563005920391
3664,0.500100082187897
33122,0.4975585046390371
29224,0.5003438523211846
9615,0.5027264634875261
9884,0.498756027391369
25736,0.498422660806917
23097,0.4950770435488444
1102,0.4947119908744928
19056,0.5000990022169384
29117,0.5114708081504072
24075,0.506715367823988
9765,0.4987640371175325
15099,0.4969633852356926
32140,0.49591563465628913
2009,0.49586555348188716
29512,0.4998055956878041
13304,0.506761120176942
24422,0.49518219202596153
8572,0.498246781066217
30797,0.5069267517048943
17831,0.5058398406055613
21007,0.49820102097981983
2141,0.5042328310183825
30870,0.49594987092959936
13336,0.5044102963687332
16906,0.4952415131864197
19805,0.5052986324622204
1761,0.4993471715043399
9409,0.5016014510822153
30920,0.49875466670408675
14381,0.50493796891643
8022,0.5089631423159047
9326,0.49976566418436585
14754,0.49761178183053767
1786,0.49576899654460377
30338,0.496426140502293
31616,0.501496325668855
19312,0.49871026702132676
1438,0.49919510399466527
31370,0.49653586362291047
3116,0.5066572516256274
6172,0.506152032845657
307,0.50614702304858
19446,0.5043740257959696
12578,0.4991452410210069
12995,0.4994049005359422
5207,0.506149274939978
19143,0.50192226846947
24379,0.5058949185975696
25335,0.4936555018953959
7073,0.5089631423159047
15036,0.5073202711597969
4642,0.49813232332692
14578,0.49915215988145106
7660,0.49902575827750406
22318,0.49896051392358165
15584,0.4958929062146207
29679,0.49681118919368333
32026,0.5004261832176075
5496,0.49452541315200865
6245,0.5015768209502284
19741,0.5005812668560351
15765,0.49795883729036805
22878,0.49905840468905976
23155,0.4957892794211295
10382,0.4991452410210069
8221,0.49807618400214954
16754,0.49780659103806635
29085,0.49938409114139165
30022,0.49887484178525776
26568,0.4995896913915359
859,0.4971922304626528
25975,0.4965744896669927
23584,0.4996164666797543
2876,0.4960016685523443
18613,0.5005053369419935
11233,0.5009020133770837
31664,0.49946009449288453
21175,0.49820102097981983
4438,0.49800636467920256
9594,0.498756027391369
8148,0.49902575827750406
20654,0.5044742746820439
5297,0.4970545927261894
6003,0.4961103623207371
16864,0.5053579856723013
7889,0.4962529853716889
32161,0.495203660739011
29871,0.5001688800480635
16493,0.49326825374446664
28965,0.5055659655428354
16588,0.5059771647875428
14739,0.49910647678244247
2899,0.506187233039461
10068,0.49654048139928303
32287,0.501256332412672
6248,0.4980786192504788
11875,0.49968378902066135
14407,0.5005023125384953
9053,0.5041854449712604
2391,0.5006015369183715
32217,0.49792840338222477
23061,0.49917460964427635
12384,0.49901800433640786
32683,0.4989331934055768
21293,0.5070160471257492
25419,0.49602535570559253
141,0.4986284117564759
25501,0.5001689434507015
28193,0.5006942698848336
679,0.49996504276843984
6196,0.4995343085196855
173,0.4971622532267299
21804,0.4983132516787094
12421,0.5041719185448043
9813,0.49823233149562257
27079,0.4948281926087569
8947,0.5010838176327365
30207,0.5053521886663301
1801,0.4996953105862103
3365,0.49576996144606345
17419,0.49859023231644145
30256,0.5003935342346313
24811,0.498422660806917
2109,0.4973577353776747
21401,0.4975911699938496
4437,0.5064602440959346
31753,0.5071223749144159
17381,0.4961466024059726
14117,0.4993738967869416
24494,0.49936935936173127
5731,0.49627670713314326
17354,0.49341566174589613
14094,0.4971090365517625
25863,0.5026958861403642
4612,0.49781252413305993
6399,0.49835449946974286
31737,0.495054341491561
11716,0.4974097635226522
24137,0.5069126160468423
9860,0.49865030209567424
31500,0.4948319517022219
15641,0.5000311304309683
3983,0.49464294294112815
23251,0.4962311780877984
31933,0.5017172889645587
8612,0.5009585939435716
27982,0.5004650077728474
23755,0.4981148609834687
16396,0.4984166999241689
18724,0.49714467148612995
13454,0.5039945121430957
26182,0.506422469021081
29054,0.49953350710612227
8894,0.4957397941230196
3705,0.49726316911814894
9277,0.49784206710181705
8438,0.49910416519837525
23468,0.498129022075445
17936,0.49627286937409976
2157,0.49568216228774836
22567,0.5010380571749569
29489,0.49983815296640216
26531,0.5029779548458656
28714,0.4945322192486326
32080,0.5061888682989908
12048,0.4958350368747342
4824,0.49832588874354455
25154,0.5069677686009506
12306,0.5024362575997571
14865,0.49967757996953327
4510,0.4949462433524522
20726,0.49627286937409976
31675,0.5061684468354537
7855,0.498047801389467
21912,0.4966547510058227
7997,0.5063124180397781
8677,0.49786599945246385
4653,0.49491524274407783
32851,0.49487235913033206
11825,0.4949737462399503
32297,0.49721470351406405
33362,0.5024138585021534
9192,0.5042005275807184
27119,0.5038131291550656
5094,0.49832588874354455
20264,0.49944959569073566
7587,0.4975458969979072
26569,0.4989718211136811
32051,0.4957219523780772
4329,0.49947208020670525
23782,0.49733555345667657
21831,0.49579975517415353
20315,0.49581673556094924
3362,0.499664000872466
8414,0.49885019779290685
18345,0.4993203822436181
12006,0.5032839859132142
18027,0.5098985479677999
23661,0.5007760797940276
20316,0.5008150932659041
4124,0.49631367985743685
16354,0.4957574346125254
29060,0.4985267047348228
32706,0.49925032796840185
24487,0.498422660806917
11368,0.4984365015471032
20518,0.5057912629182181
30858,0.494665585005411
10901,0.4996923620537139
23327,0.4984629963074452
8479,0.4937678473602083
17969,0.5076645408225768
2186,0.49374121535851356
17196,0.49591848221385926
15631,0.49833536165265346
8981,0.4982609421852758
15048,0.49815472476063305
30142,0.4949506430460271
19409,0.5037924923030085
18840,0.5012034214210447
1292,0.4986391369949347
21405,0.5052986324622204
10467,0.4958350368747342
26773,0.49571715046324827
30106,0.49968482688674815
28229,0.4981552798687187
18725,0.49714467148612995
27459,0.49873182730457427
12028,0.5089631423159047
21305,0.5049979283399348
20417,0.4979236355461864
1047,0.49685216803756127
3878,0.4994396276933433
18176,0.4980902898878985
10660,0.5010838176327365
962,0.5034968756212872
24627,0.4984512715688082
843,0.4969498253781384
2806,0.49913632255301144
19733,0.5032688177701263
10036,0.503079535615911
8238,0.5045179642610726
18086,0.4947575198409896
9678,0.5033043726379399
5691,0.5046135821952192
13247,0.5033281032250048
5360,0.4948443533343957
12634,0.5060194863698368
28723,0.4969867437172598
30042,0.5031287358489156
32302,0.49946009449288453
25285,0.49606249837376826
19231,0.49820102097981983
14549,0.49578488929480163
4877,0.49810292691234237
6879,0.5058370173944131
32803,0.49681869512459287
33076,0.5051598324885905
6143,0.49573913449793744
11445,0.4971761772405601
16478,0.49709857203639374
7867,0.506761120176942
26348,0.49677755561181186
24718,0.5071847139420136
6807,0.4983342309337229
23546,0.5025467464337194
13759,0.4956635249363101
11969,0.5046955780106076
8770,0.4994306398165244
8631,0.4980466527114006
7301,0.49924176819835187
10001,0.5010193346417371
16368,0.49844352857453633
14306,0.49902575827750406
15642,0.4931671641009957
20711,0.5000575664240583
13916,0.4980147068303634
17588,0.49319124297478567
24206,0.4977744724285141
12993,0.4975939446190794
29094,0.4956017563769938
11302,0.49643476060964115
31636,0.49890218975560935
20022,0.49839074134393746
30472,0.5098916138781341
19101,0.4950338534691008
13138,0.4949777190943054
33015,0.4965495706371709
23480,0.4949187205796576
27767,0.4972053451340366
28520,0.4975034212009208
9440,0.4991843382378675
8630,0.5028958066458334
31002,0.5010629588282924
14185,0.49717598139030506
20732,0.50212600063342
10960,0.5008117299098525
2526,0.49716706318137505
19959,0.4986045417767109
17663,0.4975173536128014
17123,0.5089173962824037
2593,0.4938888815497201
1061,0.4993471715043399
32888,0.5031914245370196
26169,0.5052594563182663
18784,0.4986336199254801
7569,0.4955252041583498
3813,0.49593473105866553
12487,0.49442786665741784
30881,0.49637033259474234
7261,0.4989122787823823
13444,0.49942591128872726
28519,0.4964630655409384
9158,0.504820741410766
26404,0.5061196311952899
16131,0.497487069752747
225,0.4953102063684803
7767,0.49859620670843197
22543,0.496137396130958
6072,0.4950959035899592
33017,0.49839641184649297
24307,0.5049800537530852
29280,0.5048285423007909
2235,0.49596159091088965
12652,0.49525742477262114
15069,0.4969891994599651
21347,0.5048922126745856
19091,0.4976360860072793
14875,0.4953036054873687
20708,0.49819593031675574
18390,0.4980020414396943
6502,0.4953018413421052
20493,0.4950414891124172
32809,0.5061139578171037
9221,0.49695836114750624
26464,0.5000099104583388
20603,0.49703079555106927
9539,0.4958350368747342
14706,0.4975734846147808
19534,0.49998163642048227
23158,0.49839074134393746
25781,0.4970849005003905
15779,0.49955286496978796
11961,0.4997027283126981
24542,0.5008676384046199
15848,0.4967886165715533
11098,0.4985087565516174
29472,0.4996870593264783
25470,0.4987233943634902
25388,0.5044563997411852
31034,0.5014809307853405
15610,0.5008914159688825
2719,0.4977790611607857
14475,0.49405203335985753
20766,0.5035802525489732
5827,0.4925981089577913
24435,0.49695767346243824
13149,0.5019184797513767
3936,0.5054540241823403
2114,0.4946311751150623
11612,0.49723114284691344
16640,0.4984166999241689
3102,0.49323984537420745
16069,0.4998723932269934
32496,0.5091505303754268
2639,0.5013897524181591
29037,0.49938409114139165
31703,0.5040628066413626
31151,0.49887487107852646
9529,0.4981965091931792
3393,0.4994396276933433
33041,0.4976938322330846
7502,0.49792426216432706
30077,0.5003935342346313
31983,0.4953778134949271
4557,0.49834787167017564
23182,0.4984629963074452
7989,0.5027808247677985
25489,0.495849806018266
28153,0.4990108345255607
7331,0.5016074650101386
25760,0.5002163831100108
32863,0.4985410243776454
12230,0.5004348943147956
19432,0.5040204420417934
15175,0.49430501814005173
25382,0.5047103468686382
12271,0.49681020168684553
29957,0.4988890030062156
2081,0.49913632255301144
20568,0.49603738877644477
10063,0.49301192846270764
18113,0.496137396130958
3837,0.49914480525726
31008,0.49885656676197615
7665,0.4996668785533474
25460,0.49763603263825285
28467,0.4985702624907129
23812,0.49368776846238466
1217,0.4985605345597501
6533,0.5046135821952192
21192,0.4988625151067383
15964,0.5003572866154667
32310,0.4982106633564341
30068,0.4958823787989464
21676,0.49830277333939466
22054,0.49905840468905976
16513,0.5000698881965709
9675,0.4941164581408363
24541,0.5108929708771792
8176,0.5062375080179944
6819,0.5051728845450288
22162,0.4969638509403643
12597,0.4979695912914152
7966,0.5074061752295516
19464,0.4983398956832562
17976,0.4984976323864225
11399,0.4971904306814317
29728,0.5057268342131825
6840,0.500226428955773
20739,0.4986964273493113
7723,0.49620036969591536
3550,0.4987241838140799
13880,0.5023255906923226
20744,0.500594275162829
10821,0.4960774344219825
26167,0.5034916710402271
16324,0.5043941902544152
20998,0.4971343911849321
32069,0.49591563465628913
5253,0.5056163774577781
26125,0.49640814340509465
19658,0.4975299733107629
16494,0.4944847236338239
28944,0.5073502615326336
22236,0.4987799535722859
3989,0.4956244748374315
21412,0.495724850260289
26761,0.4957131774994945
26955,0.4972233400459402
11508,0.502480097085291
1592,0.4968394871698555
12125,0.4966284245551606
12864,0.49789864683771873
19488,0.49293395161962034
24374,0.5050857632399091
5231,0.49445323854371276
21369,0.4983428217771079
6995,0.4948064084960848
5420,0.5014393024847663
18229,0.4963735525924295
26898,0.4985333227357551
4447,0.5040899212203597
32814,0.49732214013163994
29448,0.4998038937738688
6111,0.49552224867130806
21222,0.49871026702132676
13493,0.4990718047317464
15249,0.5023369247498761
14437,0.5031806207135447
17331,0.4978158586996294
1264,0.49684410344328245
31143,0.49890218975560935
13537,0.4968423036770125
17645,0.49754818503517056
25916,0.49792237773208714
11780,0.4963587056073386
17536,0.4949424385096402
17402,0.5072001673422306
26759,0.5061584919660352
23914,0.49739994635323626
8763,0.4981606210124855
12713,0.49564211198256586
19050,0.5011975291751797
15679,0.4946531150949672
12433,0.49738131284323805
17500,0.4965553484747058
1782,0.49924144570801926
33152,0.5033225662821416
12591,0.495663720778081
14666,0.5095899907914209
17805,0.4965826660004268
1261,0.49928962148683914
17278,0.5007927982096101
17691,0.4952286971100928
10450,0.5050436843895151
24151,0.5056310066939121
23146,0.49818657141865874
19495,0.4978875597597642
18605,0.5052676321284308
30561,0.5047470853933967
26170,0.5061196311952899
7682,0.49451825047569326
845,0.49663031018463777
2279,0.5045809433750575
74,0.5147249427955857
7113,0.4976996682841669
7637,0.5019052893490306
28633,0.5068654661092166
29249,0.5048143823258229
32678,0.507765890318601
2700,0.5082867574604876
17738,0.5015351317757641
13545,0.4949777190943054
22960,0.49350951203913845
154,0.4992978843668124
7671,0.5002788883376895
7337,0.4975241110124679
10635,0.5014629825999478
18447,0.4934955410043785
31480,0.4984376475571005
29051,0.4969433296162834
8673,0.49717598139030506
31949,0.4975133634695181
24546,0.4949136122600692
2842,0.4990888830360885
9249,0.4951778987543709
440,0.49765656539539466
5577,0.5077148242213065
16451,0.5055244611557232
17341,0.4952800691373933
17159,0.5049505296315822
22386,0.5079813900174143
18410,0.5089591456895719
26134,0.49984181461464655
24714,0.4983169359238817
14314,0.498756027391369
25386,0.5029812204263927
22249,0.4960899955948072
397,0.4984708429877261
15520,0.5023655714242713
29980,0.504646679840787
5761,0.49580819900930684
14270,0.49648387393082816
24798,0.498692390775301
29227,0.5011481579697252
4468,0.4985956184006062
14102,0.49936614282848135
32998,0.4958821370362131
29244,0.49968482688674815
24796,0.4983169359238817
444,0.49818025696429064
17156,0.4975299731831245
12188,0.503451439418496
27104,0.4932828020927804
13479,0.50986197653928
2389,0.4915919485973566
30494,0.5053521886663301
27488,0.5016840055759645
32517,0.5005154975087129
28546,0.5010916554784651
26274,0.49804063166046286
28045,0.5123520497782217
7629,0.4949093190341842
27485,0.49931995949886426
24348,0.5008110396207047
32054,0.5085676061726369
25593,0.49956377849696953
20911,0.5121963141895329
7692,0.5063008662515259
18173,0.49976522582405175
18980,0.4963129474010896
8680,0.49865030209567424
23871,0.49818657141865874
16793,0.4984554573109843
25521,0.49907153207177346
11879,0.4961831540960813
7336,0.493203690396126
20729,0.4964792731986501
3310,0.49819825570969334
12849,0.497654535223446
4831,0.4967100337457647
21791,0.49742701467148515
28843,0.5019347908813019
21288,0.5049979283399348
14040,0.49910416519837525
16335,0.49572868561860933
28685,0.49839444765954016
20225,0.49744703009080904
27316,0.4975540581068472
4207,0.49789752428772427
2868,0.49634978758716797
9532,0.49858046736019346
13025,0.4976996682841669
28615,0.4969466649621492
28296,0.5033328996412771
6236,0.4998619821825068
7681,0.49936614282848135
20294,0.4980020414396943
8119,0.5047897404790811
10224,0.49885019779290685
27377,0.4996480846801384
28266,0.5038897592016486
11462,0.49873671847609413
25911,0.4960765948075799
7515,0.49852753311478765
31725,0.49650649819810544
10784,0.4966594269535862
4784,0.49748267469016405
24011,0.4980020414396943
14084,0.5000203880102648
14391,0.5050436843895151
13625,0.49498819453367837
24009,0.5083154672753266
18376,0.4954516424190068
19373,0.4979539934693284
8131,0.5002302239839747
19691,0.493928803700925
24229,0.49700679570172196
21446,0.5040462192662991
14999,0.49612085532922695
26079,0.5044021462038631
26976,0.4989718211136811
28791,0.5001216414627552
11010,0.5026982289363607
23264,0.4971121784417162
27277,0.5014167995736089
10851,0.5053133876689696
15238,0.5000311304309683
26607,0.49931995949886426
18577,0.5041261610319874
23905,0.5010648859711607
28382,0.4969466649621492
23391,0.49873225004739097
31964,0.49554513491623925
27825,0.497430771911222
31366,0.4968108380172069
9315,0.5044726320773937
20060,0.5058436654509949
24127,0.4949411163238686
19854,0.500619056299371
10538,0.4987880316949502
26160,0.5029206446218017
14759,0.49582192712063883
15119,0.4984554573109843
30558,0.5048257104252356
22667,0.4963129474010896
18501,0.4979546388147124
24946,0.4977028847545736
23967,0.49820102097981983
32884,0.5039561651139134
12281,0.4976369296156424
11709,0.49901800433640786
16682,0.5000955642306523
12231,0.4965714239445236
31642,0.5045720195713257
24291,0.4928449470768351
23615,0.497924815058218
32032,0.49752805438515363
2619,0.49378630460033734
18852,0.4930545601204544
30562,0.5014397926485664
15736,0.495900902909524
31346,0.49746993124279915
30335,0.5073635255697897
30303,0.4970809113442809
14761,0.5015306647867206
11556,0.49576711096451864
10154,0.5007625082388495
7971,0.4966284245551606
18646,0.49934721111083974
23516,0.5002046010874995
554,0.495912953677705
28804,0.4990645635476372
16800,0.5074903936407428
15209,0.49754487425510713
16609,0.4938161663481872
12918,0.49976566418436585
840,0.4987130698213938
15193,0.4943856845336144
8507,0.498246781066217
1446,0.4982908050205465
5704,0.507494000713224
12622,0.4950344811116436
25441,0.49954871545731006
13799,0.4971904306814317
11954,0.4977641640384398
25875,0.5051537417757066
18045,0.4996164666797543
15319,0.4983109750493677
12376,0.4980820385692223
5398,0.5046135821952192
29363,0.5033814327636994
33213,0.49725777671402815
19582,0.5085990917131964
16901,0.4980490002773979
2988,0.496650508858419
18984,0.4996211179127354
2145,0.4969779685360685
9851,0.49544859085767373
26551,0.49625497773328187
6719,0.49328202350031713
3913,0.4953339093109121
26721,0.5088605674783095
26988,0.4957131774994945
8592,0.4986589731071632
10798,0.4974246835004989
28413,0.5036524124127765
8449,0.4978248405129388
4283,0.49790409470974256
1562,0.5077585420898514
7684,0.504441630745844
29197,0.49938409114139165
29714,0.49588654532030246
7427,0.49878463825980685
5824,0.497298147057191
5749,0.5082458141211711
22355,0.49895267910036245
29466,0.4989622922659247
25363,0.4976087144439199
12556,0.49838457873545705
5583,0.4970465793884834
8379,0.4989984395720734
30052,0.5039143756559994
7217,0.49832014563441523
9099,0.5081031698743432
23369,0.4980020414396943
6802,0.49551553241674606
26185,0.4991251466729489
5688,0.5045078649847805
22800,0.49630498019429126
5198,0.5040899212203597
12111,0.49901800433640786
21137,0.4958444387421277
31461,0.50771044321078
18744,0.5044742746820439
22908,0.49568356110179945
23497,0.5032405835844685
8605,0.4998537813089652
30995,0.5052178666272732
28034,0.49894098992682695
18861,0.5023163626518689
30211,0.5102178102929008
5340,0.4977929255102745
17235,0.499389898938352
22157,0.5052676321284308
13487,0.494103235779977
25487,0.4982471014773236
27280,0.49640814340509465
21997,0.49740363901027623
26880,0.4966030993767703
25611,0.5054673137455972
28705,0.49742279672152573
23141,0.5028728930874018
13512,0.5086448387699297
23429,0.4992146564635908
22378,0.49674647030020924
23708,0.4967474396212656
8254,0.4975241110124679
15042,0.5053630998948241
22538,0.4993203822436181
27926,0.4999181291777388
7746,0.5044143140763196
5216,0.5082458141211711
1859,0.49576899654460377
22926,0.4966610696164408
13618,0.5056318150620353
29594,0.49938409114139165
4162,0.49917668834588175
32324,0.500835025288676
31117,0.4985267047348228
27397,0.5016508561327376
32425,0.49976083031641894
21215,0.49905840468905976
14400,0.49926041702098933
13237,0.49901800433640786
17448,0.4974783514915475
32338,0.5020509738792446
24150,0.5069126160468423
20212,0.49785288699986385
5463,0.5040899212203597
29824,0.4975646747600232
16262,0.49780659103806635
6644,0.49822016399790264
7961,0.4972435934241419
31075,0.5054487410960848
2771,0.502904681083385
31248,0.5019325138675088
12458,0.4949737462399503
24609,0.5001159749217557
8569,0.502918652216308
32148,0.49810876409748733
29700,0.5086836325292506
31985,0.49643030107295166
6145,0.49781664542138776
31603,0.49653586362291047
27958,0.49625497773328187
24500,0.4982564603834807
9043,0.5063124180397781
14858,0.49974401675290353
7413,0.4948064084960848
13804,0.49256009997199324
67,0.5041267207892537
16676,0.49687541960872933
19456,0.5083938525790059
11732,0.49358507415372443
5470,0.4982683392866367
30989,0.49938409114139165
30121,0.49552291870997484
20290,0.501634873634658
19913,0.5027065355678919
29774,0.49733487189289327
28966,0.4943833210863584
11595,0.49901800433640786
8627,0.4989080796875781
15001,0.4984554573109843
10257,0.49789864683771873
23101,0.4987388778766455
17967,0.49905840468905976
1619,0.5007133942172572
25850,0.5015289385808633
16512,0.49454804584635914
31920,0.5016317256189997
23208,0.5000554440949969
20220,0.49934721111083974
17511,0.49519769615647524
21882,0.49777908073347654
8075,0.49791280788104403
4327,0.49333203077811727
31207,0.497300585959103
11454,0.496318627526294
13281,0.4974768558294681
6071,0.4954193761056675
15915,0.49729735234567746
23696,0.5063672880090433
27696,0.4989718211136811
14641,0.49584948562529785
1990,0.504979875885307
20658,0.493928803700925
29971,0.49857033122001976
27480,0.49777890332345137
24015,0.5057966893578989
24354,0.5037741406318563
32784,0.4947444754235132
8374,0.49654048139928303
2294,0.49681893637189384
12899,0.4962529853716889
24919,0.5061083307804721
19148,0.49527609623620533
23422,0.5048076319105083
15873,0.49622657514464646
1933,0.5098649871815247
1730,0.5056347632213628
15611,0.4967502499588158
19984,0.5036169406646167
11555,0.49717598139030506
22546,0.5058969744813977
16340,0.49616214507668016
20494,0.49905840468905976
2820,0.4972222246269601
10180,0.498756027391369
11988,0.497172156144888
29367,0.49601277389895837
25477,0.49574408748221643
20207,0.5012135680862917
28538,0.49938409114139165
32909,0.5062764658020962
28817,0.49698566662419497
10152,0.49532185285483876
5666,0.4948133528554182
27732,0.5005296745028385
7917,0.4953462841579884
13442,0.500226428955773
30186,0.5023239991659932
7338,0.4940736052709305
30575,0.4997712438316266
23447,0.4981697379497689
18965,0.496137396130958
30082,0.4981911677701219
5278,0.5053705520260489
26960,0.4996206951674431
29331,0.49614240174587476
21452,0.500999250094526
8775,0.4960989913079352
22771,0.4970674464105025
1555,0.49729795325994175
33131,0.49895107010724343
14199,0.4971286555316655
20153,0.5028728930874018
13354,0.49924176819835187
10535,0.4964528716823562
19592,0.5049979283399348
31602,0.4984094964578805
27025,0.49323206846271933
9183,0.5045898611193115
14095,0.49915215988145106
1789,0.5101334858697752
3935,0.4977377055291304
16685,0.5037888717673789
20970,0.4976881455580303
30616,0.49596305014631564
8848,0.5005343098958003
3591,0.4954381570356337
16887,0.4977008671650001
17553,0.49839074134393746
19027,0.49871026702132676
18144,0.49996325191820074
7634,0.49789864683771873
19045,0.4984485466955523
16608,0.5065687519495394
11174,0.4967068282674785
31792,0.49777508009809
17998,0.4963129474010896
4064,0.49704015611126035
1479,0.4991523586460299
17964,0.49404849351959684
21589,0.4988625151067383
23953,0.4989722438574295
8435,0.5005023488048584
7574,0.49654048139928303
14787,0.5063384011006262
2031,0.4970242661239934
29672,0.5002639406894819
6468,0.4982152206506997
17343,0.5078840034854895
29777,0.4997322302705926
6886,0.49738131284323805
28751,0.5012680993927492
14335,0.5086437130073854
15247,0.49972236269222775
9290,0.49928773577548274
8285,0.49723114284691344
12117,0.5023867246722475
12310,0.5016074650101386
17560,0.5046784298952337
14775,0.49624894122359464
580,0.49766138871575966
10315,0.494654252251554
16735,0.4934146382720361
25869,0.5010275240162401
23649,0.49935913994203573
27212,0.498114438243944
7407,0.5027626608155782
6737,0.49927041544282474
11548,0.49811794632821704
11286,0.5038177642833532
19098,0.4989722438574295
10306,0.5005678723632518
29449,0.5116523834833392
12088,0.4961831540960813
11822,0.4997826457612172
2974,0.4949648286484578
24308,0.5020410108311266
12925,0.5087865710809721
1760,0.5008892857585241
1369,0.49883792228192003
14213,0.4960168097634167
781,0.4972272186752631
83,0.5167887045247889
348,0.49721807580722316
28627,0.49526809454022575
3785,0.49867613538267114
25733,0.4950016936746472
5716,0.49367315773979265
27742,0.5015956935320351
33161,0.49486054664224177
2914,0.4951403727364253
14793,0.4966875126276352
10020,0.4980763275647718
28634,0.5088973688077818
11920,0.5004713450390148
31986,0.49898059659921756
29497,0.49854086590481766
17615,0.4954516424190068
30950,0.49968482688674815
32688,0.49681243041292
25913,0.5052594563182663
12090,0.49714035563840225
14425,0.5069275801557556
16907,0.5060815167524104
20958,0.49905840468905976
1066,0.4966958671644479
4977,0.5079451569523151
27313,0.49571715046324827
767,0.5027581393475653
32523,0.49468115267503004
33176,0.49579042010850966
23394,0.5014833137453567
25742,0.4950583432693216
1756,0.5011813533575745
3638,0.502165884898459
30984,0.49938409114139165
1774,0.4996953105862103
23940,0.49871026702132676
13540,0.4958636459445807
27758,0.4992142337190991
13038,0.4958350368747342
5128,0.4970094128481178
22663,0.49413931311175674
32121,0.49863245918168425
32317,0.5017964130651734
18829,0.5046784298952337
7735,0.49584948562529785
14655,0.493113337875856
15516,0.49523377646947636
21990,0.51060619459076
10786,0.49823233149562257
6234,0.49811933209437936
30853,0.49968482688674815
32135,0.4939746689773192
3223,0.5041983395602174
32826,0.4991181994782903
28430,0.49914409658662034
31482,0.504296223256021
11919,0.5009585939435716
3178,0.4944634297146178
1913,0.499503423538435
16404,0.496574696504531
17036,0.49937554533193435
15142,0.49881621852216246
13844,0.4985601383732886
8719,0.49695836114750624
25458,0.49789668411103555
19270,0.4989722438574295
5814,0.5057766280611556
16645,0.49605815047389684
28613,0.4937412952682046
5502,0.4949462433524522
23411,0.4991317698816363
8893,0.4984365015471032
5617,0.5046135821952192
16544,0.4995718540221669
28433,0.4980082002219329
87,0.5067398582997249
8441,0.4970205602526124
24953,0.4982942494316584
26824,0.49865229455460874
5473,0.49733403206318555
31847,0.49778924111123296
23672,0.5030565749709698
28788,0.49714928288720994
13612,0.5059978840476015
7551,0.49654048139928303
24616,0.49682935572740144
13158,0.4974241515728006
19178,0.5013761755442327
6872,0.4975243068641683
12263,0.4952891389783056
14882,0.4953470339894663
4981,0.4977304859640016
7288,0.4995836634323191
21566,0.508228118641648
497,0.49487128054956603
22701,0.5116085130410903
2780,0.4945840140907704
20076,0.5041860575864943
21573,0.4955585682902422
16749,0.4962484079986252
31844,0.500698271574105
13566,0.50493796891643
10541,0.5050436843895151
13577,0.5058586198814822
21145,0.4969126022026994
2843,0.5007924563020955
7039,0.4963587056073386
22322,0.497166867628817
27874,0.506657405321356
19601,0.49886651834434326
13778,0.49684816347895827
29521,0.4981521651936334
13,0.5296764127026756
27320,0.4975959370464108
15490,0.4967844862202648
19062,0.49555123140583385
26330,0.5049113529306177
52,0.50500689547072
751,0.5056347632213628
618,0.4993471715043399
17431,0.4997197076762246
15632,0.5015306647867206
23506,0.5089173962824037
12673,0.4943778055290409
9007,0.4978856187297111
24255,0.4971907510863612
6750,0.4949655804187971
18508,0.4952286971100928
14114,0.5011389805423115
30366,0.49914814811157643
8892,0.5003258858072531
22109,0.5034852104239647
22344,0.506844557707883
16796,0.49780659103806635
4724,0.49680257552530027
32246,0.4977918798600786
6826,0.5056718211732879
28198,0.5003474308629888
30010,0.4990645635476372
5876,0.5037562521100953
23641,0.498016414065421
23062,0.49902604423350627
8297,0.4990567619587493
26253,0.4996514541955992
2254,0.49745526100492493
8753,0.49823233149562257
12726,0.4971509937791665
26959,0.49705809048471417
23075,0.49661366836050297
23129,0.5009414443831384
14760,0.4986864298739604
7916,0.49881119024701653
14330,0.5022198668698202
7168,0.4976985196129046
24829,0.49959227432062925
23307,0.5059097340275288
24964,0.5059041879255483
26326,0.5004174077015238
19266,0.5004363271757568
15567,0.49933755509568656
26360,0.4989718211136811
827,0.49603038273612093
26810,0.4999854322624992
9634,0.49421814908356293
13366,0.496420522793454
6466,0.5068158611993206
252,0.5001774779773396
17753,0.5043303187483199
10220,0.49660681926007433
10852,0.5012491818095925
28756,0.49826498499031174
15077,0.49687148500996736
16217,0.4971771802582719
28011,0.4984481239540883
30599,0.49938409114139165
16292,0.5052237598919611
28550,0.49984493866827295
25780,0.498770797465794
15125,0.4963888586883628
17266,0.4963757777146283
16794,0.4959935036476677
33223,0.505532757283131
16643,0.4964307364537949
21474,0.4979236355461864
4813,0.49478895900457653
27261,0.5008304099525966
15690,0.4984166999241689
6683,0.504820741410766
2286,0.5046866603013386
20797,0.49490975190329484
8436,0.4949605233837564
17649,0.4989799977956843
23324,0.49481361558893366
27259,0.4989718211136811
27315,0.49847752050746824
25156,0.496269162464601
3745,0.49824565851019526
21574,0.49754818503517056
1359,0.4954024716115923
163,0.5001964051113712
990,0.499824524199031
27936,0.4966030993767703
32575,0.49513497099531384
30850,0.4987804372048554
1917,0.49470753054456623
11184,0.5089631423159047
31814,0.4975761019895979
21313,0.4980020414396943
3856,0.4955002497887985
5161,0.5025366971482286
20277,0.5030175439852501
8177,0.49534402241196507
30976,0.5022507778680675
5356,0.4984781361708036
3269,0.49641166631917033
27309,0.501297254771792
27231,0.492231936837096
12911,0.4970329884537723
24646,0.49780274935747065
1800,0.5060462146607787
18678,0.4975149971836004
1830,0.5089661531620295
18858,0.4987421441844233
30105,0.5006313830217238
21858,0.5027169015257593
12183,0.49976566418436585
24287,0.5048763732679473
22923,0.49961417757262266
10521,0.4949737462399503
9261,0.5071402143304897
5995,0.49695001917383547
10679,0.5066554132010526
30125,0.49803966386718584
12357,0.4976996682841669
23995,0.4987654298519481
6370,0.4985101926921467
452,0.494078549514664
5068,0.49418233353065416
25693,0.4961505227788105
22301,0.49998963572325483
30841,0.49999420849411136
30230,0.4980030103959838
14517,0.4944423414018339
32654,0.4957114766527299
12129,0.4952144075598504
23372,0.4984629963074452
25846,0.49464041296105205
12132,0.49865030209567424
13384,0.4957293183912807
32739,0.5043964724157424
28378,0.509065117985083
6392,0.4995160334188322
19198,0.5049979283399348
27137,0.5073832766971242
23827,0.5041406097942216
18279,0.5009323315785039
8051,0.4934653871056945
20993,0.4986045417767109
26049,0.5086326677774049
16040,0.49729735234567746
31825,0.5066375733082489
28261,0.49964606913810183
16201,0.5003572866154667
1723,0.5053152731711162
10643,0.49486803114283584
8018,0.5029382163864893
14842,0.4957100346637331
28903,0.49887484178525776
18243,0.499371568562652
31390,0.49812321364205286
15035,0.4970983761864868
29319,0.5056716781981918
19771,0.5010790471978388
6481,0.495085428105782
7058,0.49532185285483876
4659,0.4964733515243389
18892,0.49904685110416236
31562,0.49812321364205286
31470,0.5048287007601885
13342,0.5050436843895151
20411,0.5048922126745856
18307,0.5021601135424576
15948,0.500883594115444
6029,0.4969448294587555
17843,0.49606063055776034
28578,0.4983511451695099
14712,0.4945520186298491
17044,0.4987388778766455
9125,0.495663720778081
26041,0.4995896913915359
17320,0.506834277029062
6277,0.500915604743292
16716,0.5006407756818186
1823,0.5056347632213628
21880,0.4940707038626128
20905,0.49579975517415353
4395,0.5001364960744337
32028,0.49863245918168425
33348,0.5125638835871988
11723,0.4989955301930057
26803,0.49764757774885665
17677,0.4983787025069004
11636,0.49683046858615326
19740,0.49886651834434326
5570,0.5063310515949033
3080,0.4974024456127619
12486,0.4988424438634186
25150,0.49631535350223593
5558,0.5009544118490895
9571,0.5010409871681508
25531,0.4961287271060419
27867,0.4957131774994945
16062,0.49780659103806635
240,0.4970090644993545
23095,0.4981310659362146
30615,0.5012426793228688
8914,0.5051070460559236
23807,0.5003315835875032
3431,0.4993874160557862
17529,0.5049979283399348
8344,0.498756027391369
981,0.4993471715043399
4196,0.5000925417945759
14107,0.49486803114283584
15743,0.49622657514464646
32779,0.49781851025116153
25288,0.5047103468686382
29387,0.4957692470160335
19824,0.4951703798788719
6960,0.498756027391369
22370,0.5063958943898251
16786,0.5039885970002809
10622,0.498174724112504
30060,0.5033016551913031
28361,0.49968482688674815
32305,0.4953738405792204
9347,0.50135354824367
16692,0.4937049333383454
9222,0.49717598139030506
28120,0.4940846108066181
3490,0.5016215988109495
7743,0.49358507415372443
10744,0.49738014765662314
9128,0.501444333893102
17304,0.49495659835654104
33209,0.5062130428094289
11783,0.5042738119155499
14383,0.49576711096451864
1225,0.4971161539600515
13631,0.49607233198672734
33301,0.5002885799724772
2554,0.4949259470303396
27618,0.49945775852594543
19396,0.4949831478099153
28128,0.500319121884563
17185,0.49764064001886965
8714,0.500627027453036
30281,0.4997322302705926
1472,0.49576899654460377
4104,0.4951184613285922
15600,0.4948856710556412
27811,0.4975907472581279
33180,0.494359271597126
33194,0.49548361445329664
4314,0.493573088656501
26906,0.49588447386918144
24159,0.5018336435448566
7512,0.4992652615904532
16030,0.4906041068887439
2959,0.4958353251835554
32966,0.5038152380385578
20442,0.4951703798788719
17380,0.5016683032754512
25484,0.49610140994322194
31288,0.49913684828598237
12272,0.5007161145841423
30289,0.5003345892619087
25002,0.4993976126862588
19193,0.49871026702132676
29847,0.5009355643214495
20062,0.5000554440949969
2198,0.5045809433750575
198,0.49663857270672185
265,0.4957772588505481
22204,0.5002523797022578
20901,0.49880129886436425
29487,0.4965008815333607
9240,0.505455146618576
24896,0.498692390775301
23124,0.5007760797940276
14418,0.5059038675551785
5142,0.49333777656722594
7437,0.5003138798200044
1566,0.49775384389614397
20197,0.49617521176070867
31865,0.49744606209412756
28674,0.49938409114139165
13287,0.5024362575997571
24763,0.5004309215995558
23652,0.4987388778766455
6512,0.5063310515949033
21472,0.5049979283399348
8155,0.5016066247762434
16433,0.4951570133119415
14317,0.5010527645037496
11704,0.4961106113831431
8355,0.49584948562529785
29035,0.49867586057016283
23316,0.49849387329157285
10326,0.4989984395720734
897,0.49937578249916653
4608,0.5046135821952192
8882,0.49936614282848135
10,0.52242820000566
24524,0.49648849019660063
31195,0.5005321058356964
29662,0.4992085302124756
868,0.49626424613438314
23476,0.4958178884472651
14556,0.5047253125119564
13481,0.49693619048514487
30032,0.4991301232338094
3581,0.49890715297867133
18435,0.5044966402273191
23530,0.5072001673422306
12559,0.4931887257378457
28451,0.4993635424552518
31573,0.49612942348969025
27380,0.49345275181537857
10557,0.5038675361871694
15976,0.502074951606068
13934,0.498047801389467
6561,0.49540492757251814
20325,0.4983428217771079
16446,0.4968628902511535
4323,0.49867402501116825
4936,0.49621441693678836
764,0.4969498253781384
33129,0.4947837846288104
9259,0.49937852197410665
18480,0.4956625611723549
18042,0.49895267910036245
14399,0.4982891377397698
4241,0.5001041677605709
29802,0.4990645635476372
8668,0.4966284245551606
32965,0.5015007110321801
914,0.4969784353648501
5667,0.5032439057209409
2252,0.4968333855393927
24019,0.5000554440949969
16465,0.49429410899657006
15314,0.5013193237003876
18641,0.4960694695556345
23232,0.4993335996535469
15493,0.5068084728618232
14359,0.5081060019726982
21996,0.49853470707721337
24320,0.50325371045943
33170,0.49486054664224177
2443,0.5038148834268931
30818,0.4974764050213387
3714,0.49819825570969334
26166,0.49865229455460874
14228,0.4976863996834246
15912,0.49949989648406895
3308,0.4944634297146178
30112,0.5059723734292846
9743,0.498756027391369
26999,0.5079824370119111
436,0.5079666806316757
15814,0.493677552210341
30695,0.509003060937412
23397,0.5048922126745856
12714,0.4981606210124855
4650,0.4983649018869645
9141,0.4990567619587493
22899,0.4974783514915475
29666,0.496019701697101
2822,0.49582611900056145
5815,0.49236382542075674
33245,0.5091215134429293
29473,0.4997322302705926
30964,0.5020631215881106
2989,0.49776955500944475
20713,0.5077796619509295
30654,0.5076897279711178
5618,0.5075997026336645
22954,0.4988623192512496
718,0.4996953105862103
16879,0.4984546170764314
18092,0.5003121044961686
19330,0.49534592536546124
1932,0.4955792881778005
28038,0.49681689248292477
13186,0.49878463825980685
13749,0.4952434526390589
14897,0.49412629992198825
10934,0.49533503178300414
31502,0.4953738405792204
13190,0.494654252251554
6973,0.5000090125819758
4092,0.4968646013570569
10347,0.49747670879721106
26264,0.500614866194951
26979,0.5007655466154028
11305,0.5021670074472168
24007,0.4989722438574295
1833,0.504777466026085
25187,0.4957532936397718
16086,0.4955910926100572
2023,0.5021107954456125
31290,0.49468115267503004
2225,0.4954780059251958
10157,0.49735274502981425
23166,0.49905840468905976
19450,0.4978963172114448
18269,0.49755448084226767
25270,0.4964598443132297
345,0.4984226675698647
1882,0.4973174997207974
22822,0.493928803700925
2584,0.4977750241724435
20857,0.49679266194975163
10931,0.4954973993341106
1364,0.4993471715043399
9190,0.5063384233325807
5872,0.49705457841291606
12495,0.4977284745800378
4118,0.4955002497887985
30524,0.49938409114139165
25631,0.5047606822093206
16535,0.49677885980228903
17571,0.49871026702132676
30628,0.49733487189289327
27620,0.4956999542785162
18507,0.4959934379517659
14959,0.4959070665541789
17136,0.4989799977956843
19763,0.5049979283399348
33022,0.4958831063325681
4966,0.4944648168433151
10463,0.5047241865133806
9123,0.49832122275446383
10366,0.49902575827750406
22911,0.5083294367983863
23993,0.506264063439294
12009,0.5016806337954401
782,0.500578297825241
22898,0.4948222753429164
28227,0.4978002061917748
10067,0.499195664913964
23283,0.5016176777606911
9081,0.5072459184562758
11838,0.4989984395720734
6797,0.4955260080701422
24129,0.49440441946804214
13094,0.4964336752880219
25839,0.495849806018266
23351,0.5061917544235919
18454,0.5093676199138963
9131,0.4949777190943054
8099,0.4934614145292109
25507,0.4955121683050378
1230,0.498503946530761
29509,0.5009419447520878
2577,0.49968183542083483
6543,0.4961983043779104
5881,0.49680265878976426
18662,0.5049979283399348
15710,0.4947799563401733
14134,0.4946400925828248
4142,0.4962694589016241
29106,0.4974703492842402
30480,0.5015537292123794
20313,0.4991876179341542
14100,0.496318627526294
3531,0.49531718726456986
11047,0.4975786069451057
27497,0.4979440695224394
16022,0.4942285577328797
21445,0.5063429344521944
1109,0.4955648395613205
29361,0.4957425883141012
844,0.5006923506252513
22276,0.4993203822436181
23623,0.4975767108237117
13166,0.49910416519837525
20464,0.49847091382863157
16565,0.4924658649472727
17416,0.4966610696164408
19382,0.49729250955558546
30485,0.4984530935881671
10270,0.4949737462399503
14188,0.4973437844189606
20007,0.493928803700925
10738,0.4938367508183579
169,0.4957772588505481
5074,0.500471871878425
25349,0.4962950720112559
30882,0.5003937300910124
5920,0.4954193761056675
4219,0.4967931343428586
8667,0.49936614282848135
31705,0.49777508009809
4415,0.49867402501116825
33057,0.49725777671402815
6482,0.49897475935470337
3279,0.5041852447938953
6445,0.49455809922904903
19255,0.509889147904778
4244,0.49485903841666296
3174,0.4926679799641696
4045,0.500100082187897
7765,0.502592505888903
3905,0.49748919541808084
25346,0.4950583432693216
9598,0.4996668785533474
22988,0.4990110014657882
21218,0.49579975517415353
16059,0.4925121537528435
20559,0.4976362818594044
26421,0.5042203547480076
27349,0.5010934501294524
25856,0.4971248123084222
16320,0.5059771647875428
19695,0.4984531620875753
7205,0.49551553241674606
12349,0.5007113219434217
11422,0.4966634144751734
32462,0.4999776357060264
30483,0.507873840798481
23925,0.4983302330677075
31255,0.49794256443256
30261,0.4968203956434431
8244,0.4996610786246943
28389,0.4980997334935033
17042,0.5029786154742542
18068,0.4943491890424543
10274,0.49995000097257697
15076,0.4978352015361158
3728,0.497674563984509
21131,0.4972633920628266
25785,0.4983169359238817
21527,0.506715367823988
22105,0.5052986324622204
8764,0.49681020168684553
28510,0.5056716781981918
13311,0.5010915715668119
918,0.501703606354325
32298,0.5065343501785602
30076,0.4957036493130713
1973,0.5091840929645269
11352,0.4949777190943054
5604,0.5068158611993206
3569,0.49789752428772427
32647,0.4967329004322987
24790,0.498422660806917
24736,0.5060694330653379
12985,0.4982430098260333
19386,0.5016501832414519
27727,0.4990582377487713
19147,0.5005039915393413
22833,0.4980203715535034
5500,0.49814242259928626
6408,0.5000435593287732
9323,0.4923921858429501
10335,0.49619236038402126
1740,0.4970531994245112
13496,0.5073406295869063
733,0.5013554702111376
10286,0.4983478891110164
10731,0.4963587056073386
27157,0.4962559470410026
30618,0.5031346485966838
9992,0.49543407471238304
16600,0.4950898228553309
15470,0.5001408912478916
5692,0.49553412864163066
4385,0.5025841355705746
20209,0.49752132677054783
23266,0.4977090706043053
1496,0.4965022028600231
7580,0.4981361130972699
32477,0.4989331934055768
20630,0.4965553484747058
22377,0.49732919851046054
458,0.49767101482965775
19953,0.5000575664240583
32723,0.5051811894892356
1700,0.5078369302148266
3258,0.49090115897932934
4482,0.49544274226933427
26622,0.505559316980276
16815,0.4995718540221669
8585,0.49865030209567424
25235,0.503853019593286
3759,0.4948708815284015
28097,0.49631477372512467
25360,0.49411068174050843
21115,0.4972470529939639
4622,0.49605203057145086
12124,0.4989984395720734
32737,0.4992813316967947
21556,0.5049979283399348
24332,0.4961505227788105
3867,0.497590708733573
24747,0.498422660806917
8634,0.4958350368747342
27546,0.4973856059685435
27406,0.5006506888968736
3662,0.49704015611126035
116,0.4999077457659528
3924,0.4955288585277575
8915,0.498756027391369
6681,0.5064416475121644
8967,0.4984244627030481
11099,0.5063124180397781
30416,0.49742124327532966
22252,0.4943399235559837
18753,0.4923464358372408
20820,0.49575235515723115
10094,0.4993738967869416
30737,0.49845940226078744
27101,0.5058875871751877
11069,0.5059427287305435
8929,0.498756027391369
16545,0.495843802277358
32714,0.5060137158274945
31484,0.49409400045720603
18623,0.509913851730248
22787,0.4963129474010896
30059,0.5042907250964764
16283,0.5040943160997593
28769,0.4969867437172598
33043,0.49766106887694866
28403,0.4970835293179326
1759,0.4986561184510195
2410,0.49603027777731956
5919,0.494895724581671
17138,0.5044098459669308
14696,0.5043950304320813
13814,0.5088574498847569
4070,0.4964797889915871
31729,0.4940197587345476
20238,0.49713041806007513
10430,0.4981375181324792
32986,0.49786787980663916
7975,0.49772308892643474
25754,0.500158832993665
4442,0.4982677648213353
5495,0.500661430578068
19548,0.49769105279691433
26060,0.5089249808969586
12429,0.49982082735706057
28240,0.4960620952163024
11326,0.500399071580413
33266,0.4968344436461311
4220,0.4985153878938286
22321,0.5017228416091676
2533,0.5007267609089598
1326,0.49771426025660515
9167,0.5045200316439287
14151,0.5080297398692867
7384,0.4949737462399503
25428,0.4932228416825297
17823,0.504649821343373
8181,0.498756027391369
4930,0.49833389842960363
22807,0.49427581768280354
20971,0.49404849351959684
19354,0.4984873040976533
17080,0.49887660049170807
3853,0.4977219663798926
23071,0.4974783514915475
30354,0.4988783571671566
13391,0.4974596788330564
16625,0.50264598877766
15935,0.49815472476063305
10747,0.4975939446190794
1149,0.5018403224069081
29716,0.4969867437172598
15322,0.4965272953601508
20454,0.5072001673422306
5530,0.4970545927261894
20341,0.49853470707721337
12839,0.49617873042049154
23613,0.49871026702132676
3695,0.4985153878938286
15439,0.4958414988462731
7736,0.4944182610617105
14803,0.4980490002773979
17362,0.5082536520357838
20052,0.4987836319934347
25550,0.49874524489064936
12662,0.4985211356075473
24785,0.5026910161407709
32176,0.5048639142498841
26093,0.4968442101972883
23499,0.49479674357096437
20576,0.49534592536546124
10605,0.4964138659079769
31931,0.49599516274620964
20501,0.499128707058111
18360,0.49886809077930266
13731,0.5004922020903724
5721,0.4959285888841355
3910,0.49824565851019526
27859,0.4992285241569747
17774,0.5048922126745856
18626,0.5080602532683371
26780,0.4989099804663403
12823,0.4957397941230196
30098,0.49916112693852144
11378,0.5009805770307564
30711,0.49735208800547753
12847,0.4957397941230196
3082,0.4969479672665025
29089,0.4994782619606642
2523,0.4998933038549252
17383,0.5044643855485054
24220,0.49516405916869266
8786,0.4968239582658022
3289,0.49718930814705803
1671,0.49950499597991815
26314,0.5020843913197572
12657,0.4976996682841669
10008,0.49910416519837525
31581,0.4971628667826373
30070,0.49938409114139165
8006,0.4946400925828248
31092,0.5066744255479438
12780,0.5030243744890383
17510,0.4941725904172484
1064,0.49883792228192003
20828,0.4969307907534338
17351,0.5029786154742542
27869,0.5052594563182663
2229,0.49658821799748964
30527,0.4985267047348228
27721,0.4999812631504545
22122,0.49874928034018934
4400,0.49815032964684264
31586,0.4975628334199257
23280,0.5002195349233011
6424,0.49455809922904903
17492,0.49886651834434326
21751,0.499361372378992
5034,0.5004319739512527
23654,0.4991764951185412
7199,0.5016014510822153
27138,0.49545922882211413
607,0.49608850372252933
21524,0.5068807023326556
31121,0.5088884847756102
16064,0.49729735234567746
2385,0.4973979766733052
29755,0.5065135643421717
31350,0.4962351433328079
23475,0.49404849351959684
2865,0.49462069983115325
4996,0.502006123777932
23065,0.499904486356349
10398,0.49792134749335515
7995,0.4997654683279064
19479,0.49792383139931173
21507,0.49823468868281856
2549,0.4954924544967933
21171,0.4984873040976533
24751,0.4968426240792796
12902,0.5008117299098525
23380,0.49958147045386697
9534,0.4993738967869416
28969,0.49938409114139165
7698,0.4948832883378703
14058,0.49794207708272786
27081,0.4963611718895146
26961,0.49931995949886426
19709,0.4951703798788719
6156,0.49862055318668524
19834,0.50471055695725
15979,0.5013193237003876
20131,0.49935913994203573
22142,0.5093287668699369
27087,0.49739176985873473
4419,0.49761766716047373
27660,0.49606129334567184
7890,0.5086437130073854
9847,0.498756027391369
20973,0.4973783921451484
23113,0.49715995838114735
10549,0.5041360982581062
11418,0.49982502281398716
24626,0.4943209235335008
29997,0.4997322302705926
23165,0.5029786154742542
31372,0.4969426763840213
2461,0.49501932042110885
6348,0.49508427525019877
4406,0.49832588874354455
21928,0.4937909971592523
27638,0.4982635932897938
31344,0.49863245918168425
17723,0.4988531371729963
26406,0.4989718211136811
31005,0.5030643045194751
11944,0.49936614282848135
28778,0.5007600398158425
18635,0.4994694321290665
14164,0.4932860558100698
23353,0.507511118638886
22286,0.5009128334400261
12922,0.5050854428580118
17889,0.5059455519276239
22794,0.5052676321284308
27378,0.4940893207884634
5119,0.5029863477967462
2764,0.495441082064503
14299,0.4993738967869416
31747,0.5009912770080402
10668,0.49816589049390464
15349,0.4972829030203961
23192,0.5017771642863352
26983,0.49931995949886426
33195,0.4971520540110381
5948,0.5067398877356061
9052,0.504376075943412
29258,0.49999420849411136
11765,0.4957293183912807
4175,0.4973882847052799
21,0.5302370708374269
15318,0.5107052760448223
27673,0.49646876877680834
12452,0.5011495128498249
9278,0.5050436843895151
13568,0.49794207708272786
29951,0.5035959913519354
25473,0.49998051061089127
30444,0.499278365323611
27279,0.4989718211136811
31592,0.5000718489156224
25355,0.494992487773243
19663,0.5049979283399348
20548,0.5006099141232736
20387,0.5063429344521944
22166,0.49839074134393746
8950,0.4941164581408363
26973,0.49607942677284766
6992,0.4966011069953566
23151,0.49853470707721337
24090,0.5048922126745856
18366,0.5038861813644472
15173,0.5006571820703992
23856,0.4960694695556345
27904,0.5006651386215782
11480,0.4970937272942816
5352,0.49761766716047373
7982,0.5004390828436666
1222,0.49883792228192003
8191,0.5007642903613321
15776,0.49838103069891715
20036,0.4969307907534338
3832,0.4976502564995278
21481,0.5063429344521944
22016,0.5013161340117399
30324,0.4994782619606642
15616,0.49332595054026895
24263,0.4985642396734414
6877,0.49446455214683516
24228,0.5080419053049041
6495,0.5035832323397501
19030,0.4966610696164408
10672,0.4987040854279844
16473,0.49519623186374356
14943,0.4948856710556412
30091,0.4956017563769938
6097,0.49627677041033397
19795,0.49937176441884523
3949,0.49757800246599004
12267,0.5009585939435716
16739,0.49385538258859246
18304,0.4993575716806558
22071,0.4940524662125817
8792,0.4934614145292109
10845,0.5027626608155782
9969,0.4968145861593402
26499,0.4989718211136811
2095,0.49544546398200956
30954,0.50168843532331
2880,0.49485897001031137
71,0.5017777993501567
31734,0.50426522173331
19579,0.5060860443542625
21336,0.5005671131244279
8389,0.4935517687273076
4237,0.5018683062123462
10779,0.5050436843895151
15046,0.49780659103806635
25945,0.49520396861197175
23664,0.4936518225637742
14352,0.4968423036770125
17739,0.5078840034854895
17848,0.4940975561371983
32430,0.4968193396027612
10051,0.4976863996834246
14729,0.4958755171426868
21070,0.5012034214210447
16316,0.4997862320712413
26208,0.49931995949886426
3755,0.4955944132617218
1564,0.5056347632213628
1353,0.5010732326108025
11798,0.5009883251630284
21921,0.49732919851046054
336,0.5012957808735456
26061,0.4966355148705725
15015,0.4978617531851532
18510,0.5036169406646167
14903,0.49908944643705416
8789,0.501048148203838
509,0.49999604656363067
29121,0.49629155020995874
23287,0.49785288699986385
1966,0.499503423538435
10586,0.50493796891643
6832,0.4952487019148213
6453,0.49637232575947526
31811,0.49171109553823306
29177,0.5002733162546259
11865,0.4948497928482692
861,0.498489785366976
16229,0.49446402220599955
29181,0.49612939419802865
10058,0.4994933797768403
5328,0.5079451569523151
30268,0.5031346485966838
30457,0.5001300500061506
9859,0.5051721555115696
7798,0.4949737462399503
3454,0.4973882847052799
13950,0.498756027391369
30990,0.5053521886663301
11421,0.5053443879425427
9982,0.49706179434721914
19615,0.49588930360936373
17929,0.4957892794211295
10871,0.4984365015471032
31261,0.5049201276047219
28768,0.5056716781981918
2192,0.497572236843872
614,0.49818508032667147
935,0.5000751992853623
15655,0.49710254515833174
4891,0.49560908340312565
13703,0.4946400925828248
18548,0.5048832600663218
19941,0.49545099796809283
29134,0.4956017563769938
20749,0.49776655113323054
24343,0.4971308197701089
14065,0.5009872048767333
25049,0.5062487910503004
19253,0.49534505262738043
1673,0.5027078683405749
24745,0.5016782441976819
1552,0.49533227741990776
32078,0.49668663786029027
22495,0.4954516424190068
6926,0.5064069787296435
21477,0.5000737939185295
11186,0.5001012047576843
20669,0.49557680707987717
13528,0.4985200856038528
16279,0.5040943160997593
284,0.5038279181098548
6324,0.49835449946974286
4912,0.4999210092505486
7833,0.4984943069316768
5978,0.505561221167668
25078,0.5007504495163646
32209,0.49652514294241534
31960,0.4960595924794207
20398,0.5036169406646167
26147,0.49453841745159866
11206,0.4974043539208702
30327,0.49828162142795
3112,0.4928967879453723
7655,0.5050436843895151
30447,0.5013441778407275
27922,0.49958193742608703
25512,0.495849806018266
5813,0.5009497606302695
27205,0.49939332481028037
25834,0.4959791143734064
23942,0.4960408828520733
13504,0.496318627526294
11003,0.49773441784491285
11366,0.500226428955773
4570,0.5077186057663935
12765,0.4958350368747342
7226,0.493113337875856
293,0.49980201976793176
20158,0.5010380571749569
17408,0.4952286971100928
9928,0.498756027391369
30411,0.4956017563769938
32644,0.49539197358019976
26986,0.5001701350971847
23443,0.5002046010874995
11773,0.5031094384497267
14700,0.503625806547625
28196,0.4995218902094125
14235,0.4958350368747342
24205,0.4977697960480519
23173,0.5046784298952337
29820,0.49906553290633643
31109,0.5036423024926602
31125,0.5016808257331188
21585,0.506715367823988
18637,0.49733555345667657
14453,0.5045200316439287
33271,0.493074567862273
31540,0.49831293380032887
23496,0.5020588271164443
19544,0.5041406097942216
726,0.4955648395613205
21867,0.5077541644255578
33293,0.5000464151293817
30110,0.49906553290633643
24545,0.5032754336962301
7151,0.49780424348150826
24805,0.49904052838704294
10658,0.507301069965053
5054,0.4945476239782778
2293,0.5071240987168147
2365,0.4953735006418377
32781,0.5055482676770188
31608,0.4986610700135956
8836,0.49878463825980685
1808,0.5051662804050369
27918,0.4971923372175453
13234,0.49836304769778805
3416,0.4983008210344018
13758,0.49937852197410665
5802,0.492582288904939
21938,0.4958911730074451
9394,0.5084088048350333
13885,0.49850206083249166
8179,0.4952847636973993
31701,0.49778924111123296
538,0.5012880161331947
13558,0.4989222409126835
4701,0.4931240133905438
31457,0.49734061355177667
16332,0.4957574346125254
17328,0.5012609711959776
12026,0.49936614282848135
24952,0.49680680276470623
11689,0.4958607542212797
27144,0.4988611522164998
8880,0.5019656719898307
7886,0.4981029637542628
12279,0.49885019779290685
5326,0.4940315262628519
4017,0.4969728554382879
